Unnamed: 0,Hauptbedeutung,on-yomi 1,Bedeutung on-yomi 1,on-yomi 2,Bedeutung on-yomi 2,kun-yomi 1,Bedeutung kun-yomi 1,kun-yomi 2,Bedeutung kun-yomi 2
教,Unterricht,KYOU,Lehre,,,oshi.eru,unterrichten,oso.waru,unterrichtet werden
室,Zimmer,SHITSU,,,,muro,(Keller),,
言,sagen,GEN,,GON,,i.u,,koto,Wort
葉,Blatt,YOU,,,,ha,Laub,,
聞,hören,BUN,,*MON,,ki.ku,"hören, fragen",ki.koeru,hören können [JH]
読,lesen,DOKU,,*TOU,,yo.mu,,,
見,(zu/an-)sehen,KEN,,,,mi.ru,,mi.eru,sehen können [JH]
書,schreiben,SHO,Buch,,,ka.ku,,,
一,eins,ICHI,,ITSU,,hito.tsu,,hito,
度,Mal,DO,Grad,*TAKU,Vorbereitung,tabi,"das (1., 2. usw.) Mal",,
生,leben,SEI,,SHOU,,i.kiru / .kasu,"leben / leben lassen, zur Geltung bringen",u.mu / .mareru,gebären / geboren werden
活,leben,KATSU,aktiv,,,,,,
失,verlieren,SHITSU,Fehler,,,ushina.u,,,
礼,Höflichkeit,REI,Dank,,,,,,
数,Zahl,SUU,,,,kazu,,kazo.eru,zählen
買,kaufen,BAI,,,,ka.u,,,
物,Gegenstand,BUTSU,,MOTSU,,mono,"Ding, Gegenstand",,
円,Yen,EN,Kreis,,,maru.i,"rund, kreisförmig",,
弁,Sprache,BEN,"Dialekt, unterscheiden",,,,,,
当,zutreffen,TOU,"dieser, passend, Pfand",,,a.taru,"entsprechen, gewinnen",a.teru,"anlegen, anpassen"
定,festsetzen,TEI,,*JOU,,sada.meru / .maru,"festsetzen, bestimmen / festgesetzt werden",sada.ka,"sicher, Zuverlässig"
食,essen,SHOKU,,,,ta.beru,,ku.u,"essen, fressen"
紅,Scharlachrot,KOU,,,,kurenai,,beni,rote Schminke
茶,Tee,CHA,,SA,,,,,
牛,Rind,GYUU,,,,ushi,,,
乳,Milch,NYUU,,,,chichi,"Brust, Muttermilch",,
水,Wasser,SUI,,,,mizu,,,
金,Metall,KIN,Gold,KON,,kane,"Geld, Metall",*kana,
時,Zeit,JI,Stunde,,,toki,"Zeit, Zeitpunkt",,
間,Zwischenraum,KAN,,KEN,,aida,"Zwischenzeit, Zwischenraum",ma,"Zimmer, Zeitraum"
月,Monat,GATSU,,GETSU,,tsuki,Mond,,
日,Sonne,NICHI,Japan,JITSU,,hi,Tag,ka,
曜,Wochentag,YOU,,,,,,,
今,jetzt,KON,,KIN,,ima,,,
何,was,KA,,,,nani,,,wieviele
分,Teil,BUN,,FUN / BU,Minute / Prozent,wa.keru,teilen,wa.karu,verstehen
火,Feuer,KA,,,,hi,,*ho,
木,Baum,MOKU,,BOKU,,ki,Holz,*ko,
土,Erde,DO,,TO,,tsuchi,Boden,,
第,Reihenfolge,DAI,Nummer,,,,,,
課,Abteilung,KA,Lektion,,,,,,
私,ich,SHI,privat,,,watashi,,watakushi,
来,kommen,RAI,,,,ku.ru,,,
願,bitten,GAN,,,,nega.u,"erbitten, wünschen",,
留,anhalten,RYUU,,RU,,to.meru / .maru,"anhalten, befestigen / anhalten, sich aufhalten",todo.meru / .maru,
学,Wissenschaft,GAKU,,,,mana.bu,"lernen, studieren",,
原,Ursprung,GEN,,,,hara,Ebene (unbebaute Fläche),,
大,groß,DAI,,TAI,,oo.kii,,oo,
佐,helfen,SA,,,,,,,
藤,Ranke,TOU,,,,fuji,"Wisteria, Blauregen (bot.)",,
会,treffen,KAI,"Gesellschaft, Versammlung",*E,Verständnis,a.u,,,
社,Firma,SHA,Gemeinschaft,,,yashiro,Shintō-Schrein,,
員,Mitglied,IN,Personal,,,,,,
館,Gebäude,KAN,Hotel,,,,,,
京,Hauptstadt,KYOU,Hauptstadt,*KEI,,,,,
子,Kind,SHI,,SU,,ko,"Kind[Suffix f. weibliche Namen]",,
本,Ursprung,HON,"Haupt-, Buch, [ZEW für lange Objekte]",,,moto,Grundlage,,
語,Sprache,GO,Wort,,,kata.ru,erzählen,,
校,Schule,KOU,Korrektur,,,,,,
文,Text,BUN,Satz,MON,Schriftzeichen,fumi,(Brief),,
化,Veränderung,KA,[Suffix: -ierung],KE,,ba.keru / .kasu,sich verwandeln / verhexen,,
音,Geräusch,ON,sino-japanische Lesung,*IN,,oto,Laut,ne,Klang
楽,Spaß,RAKU,Paradies,GAKU,Musik,tano.shii,erfreulich,tano.shimu,"Freude haben, genießen"
吉,Glück,KICHI,,*KITSU,,yoshi (Verwendung in Namen),,,
田,Reisfeld,DEN,,,,ta,,,
山,Berg,SAN,,,,yama,,,
先,früher,SEN,,,,saki,"Spitze, vorne",ma.zu,"zunächst, als erstes, nun"
昼,Mittag,CHUU,,,,hiru,,,
漢,China,KAN,,,,,,,
字,Schriftzeichen,JI,,,,aza,Ortsteil,,
科,Fachbereich,KA,,,,,,,
休,ruhen,KYUU,,,,yasu.mu,,yasu.meru / .maru,beruhigen / sich erholen
授,Unterricht,JU,,,,sazu.keru / .karu,"geben, lehren / unterrichtet werden",,
業,Beruf,GYOU,Unternehmen,,,waza,Tat,,
銀,Silber,GIN,Silber,,,,,,
行,gehen,KOU,,GYOU,"Zeile,Veranstaltung",i.ku (=yu.ku),fahren,okona.u,durchführen
午,12 Uhr mittags,GO,,,,,,,
前,davor,ZEN,,,,mae,"vor, früher",,
祭,Fest (rel.),SAI,,,,matsu.ri,,matsu.ru,anbeten
絵,Bild,E,Zeichnung,KAI,,,,,
例,Beispiel,REI,,,,tato.eru,vergleichen,tato.eba,beispielsweise
堂,Halle,DOU,"(Tempel-)Halle, Saal",,,,,,
郵,Post,YUU,,,,,,,
便,Post,BIN,Flug,BEN,"Bequemlichkeit, Exkremente",tayo.ri,Nachricht,,
局,Behörde,KYOKU,Amt,,,,,,
図,planen,TO,,ZU,"Abbildung, Grafik",haka.ru,,,
誕,Geburt,TAN,Übertreibung,,,,,,
夏,Sommer,KA,,,,natsu,,,
晩,Abend,BAN,spät,,,,,,
飲,trinken,IN,,,,no.mu,,,
吸,rauchen,KYUU,,,,su.u,einatmen,,
良,gut,RYOU,,,,yo.i,,,
仕,dienen,SHI,,,,tsuka.eru,,,
事,Sache,JI,Tätigkeit,,,koto,"Ding, Sachverhalt",,
勉,Anstrengung,BEN,,,,,,,
強,stark,KYOU,,GOU,,tsuyo.i,,tsuyo.meru / .maru,stärken / stärker werden
起,aufstehen,KI,,,,o.kiru,,o.kosu,"aufwecken, verursachen"
寝,schlafen,SHIN,,,,ne.ru,,ne,Schlaf
帰,zurückkehren,KI,,,,kae.ru / .su,zurückkehren / nach Hause schicken,,
半,Hälfte,HAN,,,,naka.ba,,,
後,später,GO,,KOU,,ato,danach,ushi.ro,hinter
手,Hand,SHU,,,,te,Hand,*ta,
紙,Papier,SHI,,,,kami,,,
酒,Alkohol,SHU,,,,sake,Reiswein,*saka,
朝,Morgen,CHOU,,,,asa,,,
夜,Nacht,YA,,,,yoru,,yo,
新,neu,SHIN,,,,atara.shii,,ara.ta,
自,selbst,JI,,*SHI,,mizuka.ra,(von) selbst,,
友,Freund,YUU,,,,tomo,,,
達,erreichen,TATSU,,,,tachi,[Pluralsuffix],,
話,sprechen,WA,Gespräch,,,hana.su,,hanashi,"Erzählung, Geschichte"
昨,vergangen,SAKU,,,,,,,
渋,herb,JUU,,,,shibu.i,,,
谷,Tal,KOKU,,,,tani,,ya (Verwendung in Namen),
映,Projektion,EI,,,,utsu.su / .ru,widerspiegeln / sich spiegeln,*ha.eru,"gut aussehen, glänzen"
画,Bild,GA,,KAKU,Strich (eines Schriftzeichens),,,,
由,Grund,YUU,,YU,,yoshi,Ursache,,
誰,wer,SUI,,,,dare,,,
名,Name,MEI,,MYOU,,na,"Name, Ruhm",,
机,Tisch,KI,,,,tsukue,,,
窓,Fenster,SOU,,,,mado,,,
箱,Schachtel,,,,,hako,,,
消,löschen,SHOU,,,,ke.su,,ki.eru,erlöschen
辞,Wort,JI,,,,ya.meru,(ein Amt) niederlegen,,
計,messen,KEI,"Plan, Summe",,,haka.ru,(Zeit) messen,*haka.rau,erledigen
傘,Schirm,SAN,,,,kasa,,,
靴,Schuhe,KA,,,,kutsu,,,
携,bei sich tragen,KEI,,,,tazusa.eru / .waru,in der Hand haben / sich beschäftigen mit,,
帯,tragen,TAI,"Gürtel, Zone",,,o.biru,,obi,Gürtel
電,Elektrizität,DEN,,,,,,,
猫,Katze,BYOU,,,,neko,,,
犬,Hund,KEN,,,,inu,,,
英,England,EI,hervorragend,,,,,,
黒,schwarz,KOKU,,,,kuro.i,,kuro,Schwarz
形,Form,KEI,,,,katachi,"Form, Aussehen",kata,
容,Inhalt,YOU,Aussehen,,,,,,
詞,Wort,SHI,,,,,,,
広,breit,KOU,,,,hiro.i,weit(räumig),hiro.meru / .maru,(Abstraktes) verbreiten / sich ausbreiten
狭,eng,KYOU,,,,sema.i,,seba.meru / .maru,verengen / enger werden
小,klein,SHOU,,,,chii.sai,,ko (= o) (Verwendung in Namen),
長,lang,CHOU,Chef,,,naga.i,,,
短,kurz,TAN,,,,mijika.i,,,
高,hoch,KOU,,,,taka.i,"hoch, teuer",taka.meru / .maru,erhöhen / höher werden
安,billig,AN,Friede,,,yasu.i,,yasu.raka,"in Frieden, erleichtert"
暑,heiß,SHO,,,,atsu.i,heiß (Temperatur),,
寒,kalt,KAN,,,,samu.i,kalt (Temperatur),,
古,alt,KO,,,,furu.i,,,
明,hell,MEI,Licht,*MYOU,,aka.rui,heiter,a.kari,Licht
暗,dunkel,AN,,,,kura.i,,,
汚,schmutzig,O,,,,kitana.i,,yogo.su / .reru (= kega.su / .reru),beschmutzen / schmutzig werden
赤,rot,SEKI,,,,aka.i,,aka,Rot
青,blau,SEI,,,,ao.i,"grün, jung",ao,"Blau, Grün"
白,weiß,HAKU,,*BYAKU,,shiro.i,,shiro,Weiß
黄,gelb,OU,,*KOU,,ki,Gelb,*ko,Gold
色,Farbe,SHOKU,,SHIKI,,iro,"Farbe, sinnliche Lust",,
静,still,SEI,,*JOU,Vene,shizu.ka,"sanft, ruhig",,
元,Ursprung,GEN,,GAN,,moto,"Ursprung, ursprünglich",,
気,Geist,KI,"Stimmung, Luft, Gas",KE,,,,,
部,Teil,BU,"Abteilung, Exemplar",,,,,,
屋,Geschäft,OKU,,,,ya,Haus,,
供,Begleiter,KYOU,liefern,,,tomo,,sona.eru,(Gaben) darbringen
帽,Hut,BOU,,,,,,,
車,Wagen,SHA,,,,kuruma,"Auto, Rad",,
花,Blume,KA,,,,hana,"Blume, Blüte",,
外,Außen,GAI,,*GE,Chirurgie,soto,,hoka,ein anderer
習,lernen,SHUU,,,,nara.u,"erlernen, üben",,
冷,kalt,REI,,,,tsume.tai,kalt (Gegenstand),hi.eru / hi.yasu,kalt werden / kühlen
蔵,Speicher,ZOU,,,,kura,,,
庫,Speicher,KO,,,,,,,
中,Mitte,CHUU,"China, während",,,naka,"Mitte, mittendrin",,
上,oben,JOU,,*SHOU,,ue,,a.geru / .garu,"erhöhen, heben / hinaufgehen,ansteigen"
菓,Süßigkeit,KA,,,,,,,
母,Mutter,BO,,,,haha,,o.kaa (-san),[Anrede der Mutter]
位,Stellung,I,,,,kurai,,,
置,legen,CHI,,,,o.ku,"hinstellen, hinlegen",,
表,ausdrücken,HYOU,"Tabelle, Liste",,,arawa.su / arawa.reru,ausdrücken / zum Ausdruck kommen,omote,Außenseite
下,unten,KA,,GE,,shita,,sa.geru / .garu,senken / sinken
左,links,SA,,,,hidari,,,
右,rechts,U,,YUU,,migi,,,
隣,daneben,RIN,,,,tonari,Nachbarschaft,,
病,Krankheit,BYOU,,,,yamai,,ya.mu,erkranken
院,Institution,IN,"Anstalt, Palast, Tempel",,,,,,
駅,Bahnhof,EKI,,,,,,,
男,Mann,DAN,,*NAN,Sohn,otoko,,,
皿,Teller,,,,,sara,,,
公,öffentlich,KOU,,,,ooyake,Öffentlichkeit,,
園,Garten,EN,,,,sono,,,
宿,Unterkunft,SHUKU,,*JUKU,,yado,,yado.su / .ru,beherbergen / übernachten
伸,ausdehnen,SHIN,,,,no.basu / .biru,ausdehnen / länger werden,,
洗,waschen,SEN,,,,ara.u,,,
武,Krieger,BU,Samurai(-stand),*MU,,,,,
階,Stockwerk,KAI,Stiege,,,,,,
店,Geschäft,TEN,,,,mise,,,
面,Gesicht,MEN,"Fläche, Maske",,,omo ,,omote(= tsura),"Gesicht, Fratze"
所,Ort,SHO,,,,tokoro,Platz,,
人,Mensch,JIN,,NIN,,hito,,,
地,Erdboden,CHI,Lage,JI,,,,,
喫,essen,KITSU,"trinken, rauchen",,,,,,
粧,Schminke,SHOU,,,,,,,
品,Ware,HIN,,,,shina,Qualität,,
果,Ergebnis,KA,Frucht ,,,ha.te,Ende,ha.tasu / .teru,zu Ende bringen / enden
好,mögen,KOU,,,,su.ki,gern haben,kono.mu,mögen
料,Gebühr,RYOU,Material,,,,,,
理,Vernunft,RI,Prinzip,,,,,,
鈴,Glöckchen,REI,,,,suzu,,,
幸,Glück,KOU,,,,shiawa.se,,saiwa.i,glücklich
和,Japan,WA,Harmonie,,,nago.yaka,"sanft, friedlich",yawa.rageru,"lindern, besänftigen"
納,aufbewahren,NOU,,*NA ,,osa.meru / .maru,"bezahlen, aufbewahren / bezahlt werden, in Ordnung kommen",,
豆,Bohne,TOU,,,,mame,,,
嫌,nicht mögen,KEN,,*GEN,,iya,unangenehm,kira.u,verabscheuen
池,Teich,CHI,,,,ike,,,
袋,Sack,TAI,,,,fukuro,,,
国,Land,KOKU,,,,kuni,Heimat,,
冬,Winter,TOU,,,,fuyu,,,
動,Bewegung,DOU,,,,ugo.ku / .kasu,sich bewegen / bewegen,,
美,Schönheit,BI,,,,utsuku.shii,schön,,
術,Technik,JUTSU,Kunst,,,,,,
財,Vermögen,ZAI,Vermögen,*SAI,,,,,
布,Tuch,FU,verbreiten,,,nuno,Stoff,,
落,fallen,RAKU,,,,o.tosu,fallen lassen,o.chiru,herunterfallen
交,Verkehr,KOU,,,,maji.waru,"einander kreuzen, Umgang haben mit",ma.zeru / .zaru,mischen / sich vermischen
番,Nummer,BAN,Wache,,,,,,
警,Polizei,KEI,Warnung,,,,,,
察,beurteilen,SATSU,untersuchen,,,,,,
官,Beamter,KAN,Behörde,,,,,,
切,schneiden,SETSU,,,,ki.ru / .reru,schneiden / reißen [intr.],,
捜,suchen,SOU,,,,saga.su,suchen,,
方,Richtung,HOU,,,,kata,Person,,
夕,Abend,SEKI,,,,yuu,,,
週,Woche,SHUU,,,,,,,
去,Vergangenheit,KO,,KYO,,sa.ru,"vergehen, weggehen",,
年,Jahr,NEN,,,,toshi,,,
濯,waschen,TAKU,,,,,,,
雨,Regen,U,,,,ame,,*ama,
歌,Lied,KA,,,,uta,"Lied, Gedicht",uta.u,singen
野,Feld,YA,wild,,,no,,,
菜,Gemüse,SAI,,,,na,Blattgemüse,,
千,Tausend,SEN,,,,chi,,,
住,wohnen,JUU,,,,su.mu,,,
号,Nummer,GOU,Signal,,,,,,
連,verbinden,REN,,,,tsu.reru,"(jmd.) mitnehmen, begleiten",,
絡,umschlingen,RAKU,,,,kara.mu (=kara.maru),sich verwickeln,,
忘,vergessen,BOU,,,,wasu.reru,,,
丸,rund,GAN,,,,maru.i,,maru.meru,rund machen
四,vier,SHI,,,,yot.tsu,,yon,
角,Ecke,KAKU,Winkel,,,kado,,tsuno,Horn
題,Thema,DAI,Titel,,,,,,
作,anfertigen,SAKU,,SA,,tsuku.ru,,,
家,Haus,KA,[Berufssuffix],KE,Geschlecht,ie,Familie,uchi,mein Zuhause
借,ausborgen,SHAKU,,,,ka.riru,,,
貸,verleihen,TAI,,,,ka.su,,,
返,zurückgeben,HEN,,,,kae.su / .ru,zurückgeben / zurückkommen [Hilfsverb],,
天,Himmel,TEN,,,,ame,,*ama,
終,Ende,SHUU,,,,o.waru,enden,o.eru,beenden
約,Vereinbarung,YAKU,etwa,,,,,,
万,zehntausend,MAN,,BAN,unzählig,,,,
成,werden,SEI,,,,na.ru,,,
空,Luft,KUU,,,,sora,Himmel,a.keru / a.ku,räumen / frei werden
港,Hafen,KOU,,,,minato,,,
記,aufschreiben,KI,,,,shiru.su,,,
者,Person,SHA,,,,mono,,,
報,Nachricht,HOU,,,,muku.iru,"ersetzen (eines Schadens), heimzahlen",,
告,Mitteilung,KOKU,,,,tsu.geru,"mitteilen, anzeigen",,
女,Frau,JO,,"NYO,*NYOU",,onna,,*me,
旅,Reise,RYO,,,,tabi ,,,
少,wenig,SHOU,,,,suku.nai,,suko.shi,
痛,Schmerz,TSUU,,,,ita.mi,,ita.meru / .mu,Schmerzen zufügen / schmerzen
毎,jeder,MAI,,,,,,,
符,Zeichen,FU,,,,,,,
予,im Voraus,YO,,,,arakaji.me,,,
変,Veränderung,HEN,,,,ka.eru / .waru,verändern / sich verändern,,
東,Osten,TOU,,,,higashi,,,
北,Norden,HOKU,,,,kita,,,
海,Meer,KAI,,,,umi,,,
道,Weg,DOU,,,,michi,,,
在,Existenz,ZAI,,,,a.ru,exisitieren,,
過,vorübergehen,KA,,,,su.giru,überschreiten,su.gosu,"(Zeit) verbringen, überschreiten"
肯,Zustimmung,KOU,,,,,,,
否,Verneinung,HI,,,,ina,nein,,
親,Eltern,SHIN,vertraut,,,oya,,shita.shii,vertraut
鮮,frisch,SEN,Korea,,,aza.yaka,,,
光,Licht,KOU,,,,hikari,Licht,hika.ru,leuchten
遠,entfernt,EN,,,,too.i,,too.ku,Ferne
近,nah,KIN,,,,chika.i,,chika.ku,Nähe
多,viel,TA,,,,oo.i,,oo.ku,eine Menge von
難,schwierig,NAN,Not,,,muzuka.shii,,gata.i [Suffix an RYK],schwer zu…
全,alles,ZEN,,,,sube.te (=matta.ku),ganz,,
魚,Fisch,GYO,,,,sakana,,uo,(lebender) Fisch
肉,Fleisch,NIKU,,,,,,,
不,un-,FU,nicht,BU,,,,,
利,Vorteil,RI,Profit,,,ki.ku,funktionieren,,
江,Strom,KOU,,,,e,Bucht,,
島,Insel,TOU,,,,shima,,,
務,Dienst,MU,,,,tsuto.meru,seine Pflicht erfüllen,,
説,sprechen,SETSU,"Ansicht,Meinung",*ZEI,,to.ku,erklären,,
証,Beweis,SHOU,,,,,,,
持,haben,JI,,,,mo.tsu,halten,,
声,Stimme,SEI,,,,koe,,,
入,hineingehen,NYUU,,,,hai.ru (=i.ru),,i.reru,hineingeben
伝,übermitteln,DEN,Biographie,,,tsuta.eru / .waru,übermitteln / übermittelt werden,tsuta.u,entlanggehen
砂,Sand,SA,,SHA,,suna,,,
糖,Zucker,TOU,,,,,,,
取,nehmen,SHU,,,,to.ru / .reru,"nehmen / sich ablösen, produziert werden",,
写,Fotografie,SHA,,,,utsu.su / .ru,"abschreiben, fotografieren / abgeschrieben, fotografiert werden",,
真,Wahrheit,SHIN,,,,ma,gänzlich,,
撮,fotografieren,SATSU,,,,to.ru,fotografieren,,
遅,spät,CHI,,,,oso.i,"spät, langsam",oku.reru / .rasu,sich verspäten / aufschieben
泳,schwimmen,EI,,,,oyo.gu,,,
禁,Verbot,KIN,,,,,,,
止,anhalten,SHI,,,,to.meru / .maru,anhalten (trans.) / anhalten (intrans.),ya.meru / ya.mu,beenden / aufhören
騒,lärmen,SOU,,,,sawa.gu,,,
使,benutzen,SHI,Bote,,,tsuka.u,,,
開,öffnen,KAI,,,,a.keru / .ku,öffnen / sich öffnen,hira.keru / .ku,"erschlossen sein / sich öffnen, eröffnen"
座,sitzen,ZA,Sitzplatz,,,suwa.ru,sich setzen,,
雑,Gemisch,ZATSU,Verschiedenes,,,,,,
誌,aufschreiben,SHI,Zeitschrift,,,,,,
放,loslassen,HOU,,,,hana.su / .reru,loslassen / sich befreien,hana.tsu,abschießen
探,(unter-)suchen,TAN,,,,saga.su,,sagu.ru,"abtasten, nachforschen"
押,drücken,OU,,,,o.su,,o.saeru,festhalten
棚,Regal,,,,,tana,,,
機,Maschine,KI,Gelegenheit,,,hata,Webstuhl,,
額,Summe,GAKU,,,,hitai,Stirn,,
剤,Medikament,ZAI,chemischer Stoff,,,,,,
風,Wind,FUU,Stil,FU,,kaze,,*kaza,
呂,Klang,RO,Bad,,,,,,
着,Kleidung,CHAKU,,,,tsu.ku / .keru,ankommen / Kelidung anlegen,ki.ru / .seru,(Gewand) tragen / jmd. ankleiden
規,Norm,KI,,,,,,,
則,Norm,SOKU,,,,,,,
門,Tor,MON,,,,kado,,,
限,Begrenzung,GEN,,,,kagi.ru,begrenzen,kagi.ri,"Grenze,möglichst"
横,Seite,OU,willkürlich,,,yoko,"Seite, waagrecht",,
浜,Strand,HIN,,,,hama,,,
団,Gruppe,DAN,Gruppe,TON,Kissen,,,,
体,Körper,TAI,Gestalt,TEI,,karada,,,
熱,heiß,NETSU,"Fieber, Eifer",,,atsu.i,heiß (Objekt),,
幹,Haupt-,KAN,,,,miki,Baumstamm,,
線,Linie,SEN,,,,,,,
出,hinausgehen,SHUTSU,,,,da.su / de.ru,"herausnehmen / hinausgehen, (in einer Geschichte) vorkommen",,
降,aussteigen,KOU,,,,o.riru / .rosu,aussteigen / aussteigen lassen,fu.ru,fallen (Niederschlag)
乗,einsteigen,JOU,Multiplikation,,,no.seru / .ru,"beladen, einsteigen lassen / einsteigen",,
途,Weg,TO,,,,,,,
憩,Rast,KEI,,,,iko.u,rasten,,
川,Fluss,SEN,,,,kawa,,,
歩,Schritt,HO,,,,aru.ku,zu Fuß gehen,ayu.mu,beschreiten
換,umtauschen,KAN,,,,ka.eru / .waru,umtauschen / umgetauscht werden,,
台,Gestell,DAI,"Podium, [ZEW für Geräte]",TAI,,,,,
場,Platz,JOU,,,,ba,Ort,,
橋,Brücke,KYOU,,,,hashi,,,
鉄,Eisen,TETSU,,,,,,,
転,rollen,TEN,,,,koro.gasu / garu (=.geru),rollen lassen / rollen [intrans.],koro.bu,hinfallen
浅,seicht,SEN,,,,asa.i,"seicht, schwach (Farbe), oberflächlich",,
草,Gras,SOU,schreiben,,,kusa,"Gras, Unkraut",,
央,Zentrum,OU,,,,,,,
神,Gott,SHIN,,JIN,,kami,,,
舞,Tanz,BU,,,,ma.u,"tanzen, flattern",mai,Tanz
添,hinzufügen,TEN,,,,so.eru / .u,"hinzufügen / begleiten, entsprechen",,
発,"abschießen, abschicken",HATSU,beginnen,,,,,,
林,Hain,RIN,,,,hayashi,Wäldchen,,
売,verkaufen,BAI,,,,u.ru,,u.reru,Absatz finden
村,Dorf,SON,,,,mura,,,
井,Brunnen,SHOU,Zimmerdecke,SEI,,i,,,
急,Eile,KYUU,"dringend, plötzlich",,,iso.gu,sich beeilen,,
疲,anstrengend,HI,,,,tsuka.reru,müde werden,,
性,Geschlecht,SEI,"Art, Charakter",,,,,,
西,Westen,SEI,,SAI,,nishi,,,
客,Kunde,KYAKU,"Gast, [Suffix zur Berufsbezeichnung]",KAKU,,,,,
己,selbst,KO,,KI,,onore,,,
紹,bekannt machen,SHOU,,,,,,,
介,vermitteln,KAI,dazwischen sein,,,,,,
卒,beenden,SOTSU,Soldat,,,,,,
関,Zusammenhang,KAN,,,,seki,Grenzschranke,,
係,Beziehung,KEI,,,,kaka.ru,betreffen,kakari,Zuständiger
勤,Anstellung,KIN,,,,tsuto.meru,angestellt sein,,
洋,westlich,YOU,Ozean,,,,,,
服,Kleidung,FUKU,gehorchen,,,,,,
興,entstehen,KOU,,KYOU,,oko.ru,"gedeihen,aufblühen",oko.su,"beleben, ins Leben rufen"
味,Geschmack,MI,,,,aji,,aji.wau,"kosten, genießen"
族,Familie,ZOKU,Sippe,,,,,,
呼,rufen,KO,ausatmen,,,yo.bu,"rufen, nennen",,
祖,Vorfahr,SO,,,,,,,
父,Vater,FU,,,,chichi,,tou.san,(Anrede des Vaters)
両,beide,RYOU,,,,,,,
妹,jüngere Schwester,MAI,,,,imouto,,,
弟,jüngerer Bruder,TEI,,DAI,,otouto,,,
姉,ältere Schwester,SHI,,,,ane,,nee.san,(Anrede der älteren Schwester)
兄,älterer Bruder,KEI,,KYOU,,ani,,nii.san,(Anrede des älteren Bruders)
目,Auge,MOKU,,,,me,,*ma,
二,zwei,NI,,,,futa.tsu,,futa,
三,drei,SAN,,,,mit.tsu (=mi.tsu),,mi,
経,Wirtschaft,KEI,geographische Länge,,,he.ru,vergehen,,
営,betreiben,EI,,,,itona.mu,ausüben,,
貿,Handel,BOU,,,,,,,
易,einfach,EKI,"Veränderung, Wahrsagung",I,,yasa.shii,einfach,,
結,verbinden,KETSU,,,,musu.bu,,yu.u,(die Haare) binden
婚,Heirat,KON,,,,,,,
済,enden,SAI,,,,su.mu / .masu,"enden, fertig werden / beenden",,
師,Lehrer,SHI,,,,,,,
遊,spielen,YUU,,,,aso.bu,"spielen, (zur Unterhaltung) fortgehen, sich amüsieren (gehen)",,
式,Zeremonie,SHIKI,Form,,,,,,
散,zerstreuen,SAN,,,,chi.rasu / .ru,zer- / verstreuen / sich zerstreuen,,
阪,Hang,HAN,,,,saka,,,
末,Ende,MATSU,,,,sue,,,
組,zusammensetzen,SO,,,,ku.mu,,kumi,Gruppe
七,sieben,SHICHI,,,,nana.tsu,,nana,
将,bald,SHOU,General,,,,,,
決,Entscheidung,KETSU,,,,ki.meru / .maru,bestimmen / bestimmt werden,,
専,hauptsächlich,SEN,,,,moppa.ra,ausschließlich,,
相,gegenseitig,SOU,Aussehen,SHOU,Minister,ai,zusammen,,
談,Gespräch,DAN,,,,,,,
調,Untersuchung,CHOU,,,,shira.beru,"untersuchen, nachforschen",totono.eru / .u,"vorbereiten, ordnen / vorbereitet, geordnet werden"
就,Anstellung,SHUU,,,,tsu.ku,(Stelle) antreten,,
職,Beruf,SHOKU,,,,,,,
簡,einfach,KAN,"Spielraum, Schriftstück",,,,,,
単,einfach,TAN,einzeln,,,,,,
丼,Schüssel mit Reis,,,,,donburi,,,
徒,zu Fuß gehen,TO,"Halunke, sinnlos",,,,,,
薄,dünn,HAKU,,,,usu.i,,usu.meru / .maru,dünn machen / dünner werden
次,nächster,JI,,SHI,,tsugi,,tsu.gu,(auf etw.) folgen
煮,kochen,SHA,,,,ni.ru / .eru,(etw.) gar kochen / gar gekocht werden,,
質,Qualität,SHITSU,,,,,,,
問,Frage,MON,,,,to.u,(hinter-) fragen,to.i,
材,Material,ZAI,,,,,,,
杯,Trinkschale,HAI,[ZEW für Trinkbecher / -schalen],,,sakazuki,Trinkbecher,,
早,früh,SOU,,,,haya.i,,,
集,sammeln,SHUU,,,,atsu.meru / .maru,sammeln / sich versammeln,,
合,zusammenpassen,GOU,,*GA',,a.u,,a.waseru,anpassen
柔,weich,JUU,,,,yawa.raka (=.rakai),"sanft, elastisch",,
始,beginnen,SHI,,,,haji.meru / .maru,anfangen [trans.] / anfangen [intrans.],,
固,hart,KO,,,,kata.i,fest,kata.meru / maru,fest machen / fest werden
注,Anmerkung,CHUU,,,,soso.gu,gießen,,
意,Sinn,I,"Wille, Gedanke",,,,,,
温,warm,ON,,,,atata.kai,,atata.meru / .maru,wärmen [trans.] / sich erwärmen
建,Gebäude,KEN,,,,ta.teru / .tsu,bauen / gebaut werden,,
甘,süß,KAN,,,,ama.i,"süß (Geschmack), naiv",ama.yakasu / .eru,verwöhnen / verwöhnt werden
辺,Umgebung,HEN,,,,ata.ri,,be,
桜,Kirschbaum,OU,,,,sakura,,,
春,Frühling,SHUN,Geschlechtstrieb,,,haru,,,
咲,blühen,,,,,sa.ku,,,
貝,Muschel,,,,,kai,,,
油,Öl,YU,,,,abura,,,
塩,Salz,EN,,,,shio,,,
炊,Getreide kochen ,SUI,,,,ta.ku,Reis / Getreide kochen,,
焼,braten,SHOU,,,,ya.ku / .keru,"braten, backen / gebraten, gebacken werden",,
炒 ,rösten,SHOU,,,,ita.meru,,,
湯,heißes Wasser,TOU,,,,yu,,,
沸,sieden,FUTSU,,,,wa.kasu / .ku,zum Kochen bringen / sieden,,
包,einwickeln,HOU,,,,tsutsu.mu,,,
丁,Häuserblock,CHOU,,,,,,,
査,Untersuchung,SA,,,,,,,
都,Stadt,TO,,TSU,Umstände,miyako,Hauptstadt,,
加,Addition,KA,,,,kuwa.eru / .waru,"hinzufügen / teilnehmen, dazukommen",,
価,Preis,KA,,,,atai,Wert,,
慣,sich gewöhnen,KAN,,,,na.reru,,,
忙,beschäftigt sein,BOU,,,,isoga.shii,,,
根,Wurzel,KON,,,,ne,,,
暇,Freizeit haben,KA,,,,hima,nicht beschäftig sein,,
施,durchführen,SHI,,SE,,hodoko.su,schenken,,
設,errichten,SETSU,,,,mou.keru,,,
思,denken,SHI,,,,omo.u,meinen,,
寂,einsam,JAKU,,,,sabi.shii,einsam,,
驚,Überraschung,KYOU,,,,odoro.ku,"überrascht, erstaunt sein",,
泉,Quelle,SEN,,,,izumi,,,
植,Pflanze,SHOKU,,,,u.eru / .waru,"anbauen, pflanzen / gepflanzt werden",,
閉,schließen,HEI,,,,shi.meru / .maru,schließen [trans.] / schließen [intrans.],to.jiru,
頭,Kopf,TOU,[ZEW für große Landtiere],"ZU, TO",,atama,,kashira,Oberhaupt
晴,heiteres Wetter,SEI,,,,ha.reru,aufklaren,ha.re,heiter (Wetter)
珍,außergewöhnlich,CHIN,,,,mezura.shii,"außergewöhnlich, selten",,
産,Produktion,SAN,,,,u.mu / .mareru,"hervorbringen, gebären / geboren werden",ubu,"neugeboren, kindlich"
同,das Gleiche,DOU,,,,ona.ji,,,
口,Mund,KOU,,KU,,kuchi,"Mund, Öffnung",,
商,Handel treiben,SHOU,,,,akina.u,,,
街,Straße,GAI,,*KAI,,machi,(Stadt-) Viertel,,
賃,Miete,CHIN,"Miete, Lohn, Gebühren",,,,,,
九,neun,KYUU,,KU,,kokono.tsu ,,,
州,Provinz,SHUU,,,,su,Sandbank,,
太,groß,TA,,TAI,,futo.i,dick,futo.ru,dick werden
僕,Ich,BOKU,,,,,,,
健,gesund,KEN,,,,suko.yaka,,,
君,du,KUN,[Appellativsuffix],,,kimi,"du, Herrscher",,
背,Rücken,HAI,,,,se,,,
球,Kugel,KYUU,,,,tama,Ball,,
歳,Lebensjahr,SAI,,,,,,,
南,Süden,NAN,,,,minami,,,
停,anhalten,TEI,,,,,,,
畳,Tatami,JOU,,,,tatami,,tata.mu,zusammenklappen
市,Stadt,SHI,,,,ichi,Markt,,
軽,leicht,KEI,,,,karu.i (=karo.yaka),,,
湖,See,KO,,,,mizuumi,,,
韓,Korea,KAN,,,,,,,
湾,Bucht,WAN,,,,,,,
首,Kopf,SHU,,,,kubi,Hals,,
段,Stufe,DAN,,,,,,,
打,schlagen,DA,,,,u.tsu,,,
初,Beginn,SHO,,,,haji.me,,haji.mete,zum ersten Mal
看,Beaufsichtigung,KAN,sehen,,,,,,
護,beschützen,GO,verteidigen,,,,,,
保,bewahren,HO,,,,tamo.tsu,,,
険,Gefahr,KEN,,,,kewa.shii,"steil, grimmig",,
待,warten,TAI,,,,ma.tsu,,,
医,Arzt,I,Heilung,,,,,,
薬,Medikament,YAKU,,,,kusuri,"Medikament, Droge, Rauschgift",,
効,Wirkung,KOU,,,,ki.ku,wirken,,
髪,Haare,HATSU,,,,kami,,,
内,Innen,NAI,,,,uchi,,,
患,Leiden,KAN,,,,wazura.u,"leiden, erkranken",,
鼻,Nase,BI,,,,hana,,,
悪,böse,AKU,,*O,verabscheuen,waru.i ,"schlecht, böse",,
指,zeigen,SHI,,,,sa.su,,yubi,Finger
激,heftig,GEKI,,,,hage.shii,,,
運,Bewegung,UN,Schicksal,,,hako.bu,transportieren,,
骨,Knochen,KOTSU,,,,hone,Knochen,,
異,Verschiedenartigkeit,I,,,,koto.naru,unterschiedlich sein,,
状,Zustand,JOU,"Aussehen, Brief",,,,,,
治,Heilung,CHI,Politik,JI,,nao.su / .ru,heilen [trans.] / heilen [intrans.],osa.meru / .maru,regieren / sich beruhigen
浴,baden,YOKU,,,,a.biru / .biseru,sich baden in etw. / überschütten mit etw.,,
心,Herz,SHIN,,,,kokoro,"Herz, Gemüt, Wille",,
配,verteilen,HAI,,,,kuba.ru,austeilen,,
危,Gefahr,KI,,,,abu.nai(=aya.ui),gefährlich,,
立,stehen,RITSU,,,,ta.teru / .tsu,"aufstellen / stehen, aufstehen",,
顔,Gesicht,GAN,Farbe,,,kao,,,
捨,wegwerfen,SHA,,,,su.teru,,,
芝,Rasen,,,,,shiba,,,
受,erhalten,JU,,,,u.keru,"erhalten, erleiden",u.karu,(Prüfung) bestehen
付,haften,FU,überbringen,,,tsu.keru / .ku,anbringen / haften (an etw.),,
処,Ort,SHO,Behandlung,,,,,　,
箋,Zettel,SEN,Papier,,,,,,
診,medizinische Untersuchung,SHIN,,,,mi.ru,(einen Patienten) untersuchen,,
券,Karte,KEN,,,,,,,
要,wichtig,YOU,,,,i.ru,benötigen,,
趣,Inhalt,SHU,,,,omomuki,,,
歯,Zahn,SHI,,,,ha,,,
腕,Arm,WAN,,,,ude,"Arm, Fähigkeit",,
胸,Brust,KYOU,,,,mune,Gefühl,*muna,
肩,Schulter,KEN,,,,kata,,,
腰,Hüfte,YOU,,,,koshi,,,
足,Fuß,SOKU,,,,ashi,,ta.riru / *.ru,genügen
耳,Ohr,JI,,,,mimi,,,
肺,Lunge,HAI,,,,,,,
臓,inneres Organ,ZOU,,,,,,,
胃,Magen,I,,,,,,,
肝,Leber,KAN,,,,kimo,"Leber, Mut",,
腸,Darm,CHOU,,,,wata,Eingeweide,,
盲,Blindheit,MOU,,,,,,,
症,Krankheit,SHOU,Symptom,,,,,,
具,Werkzeug,GU,,,,,,,
吐,spucken,TO,,,,ha.ku,"spucken, ausspeien, sich übergeben",,
欲,haben wollen,YOKU,,,,ho.shii,,hos.suru,wollen
痢,Durchfall,RI,,,,,,,
通,hindurchgehen,TSUU,"[ZEW für Schriftstücke, Briefe]",,,too.ru / .su,hindurchgehen / durchlassen,kayo.u,"regelmäßig besuchen, verkehren"
秘,Geheimnis,HI,,,,hi.meru,geheim halten,,
眼,Auge,GAN,,,,manako,Auge [lyrisch],,
皮,Haut,HI,,,,kawa,"(Tier-) Haut, Schale, Rinde",,
膚,Haut,FU,,,,,,,
種,Art,SHU,,,,tane,Samen,,
類,Gattung,RUI,,,,,,,
錠,Pille,JOU,Türschloss,,,,,,
粉,Pulver,FUN,,,,kona,Mehl,ko,
解,lösen,KAI,Erklärung,GE,Heilung,to.ku / .keru,"etw. aufklären, (Knoten) lösen / sich aufklären, sich lösen",,
射,schießen,SHA,Strahlen,,,i.ru,,,
募,anwerben,BO,,,,tsuno.ru,anwerben,,
販,Handel,HAN,,,,,,,
笑,lachen,SHOU,,,,wara.u,lachen,e.mu,lächeln
歓,sich freuen,KAN,,,,,,,
迎,empfangen,GEI,,,,muka.eru,"entgegenkommen, abholen",,
選,Wahl,SEN,,,,era.bu,wählen,,
給,Gehalt,KYUU,geben,,,,,,
以,mittels,I,,,,,,,
監,Überwachung,KAN,,,,,,,
視,Sicht,SHI,,,,,,,
引,ziehen,IN,,,,hi.ku / .keru,"ziehen, subtrahieren / ermäßigt werden",,
越,überschreiten,ETSU,,,,ko.eru,überwinden,,
演,aufführen,EN,,,,,,,
奏,(ein Musikinstrument)spielen,SOU,,,,kana.deru,,,
弾,Geschoss,DAN,,,,hi.ku,(ein Musikinstrument) spielen,tama,Geschoss
働,arbeiten,DOU,,,,hatara.ku,,,
丘,Hügel,KYUU,,,,oka,,,
可,können,KA,"gut, Billigung",,,,,,
能,können,NOU,Nō-Theater,,,,,,
覚,Wahrnehmung,KAKU,,,,obo.eru,"sich merken, empfinden",sa.meru / .masu,"(Augen) öffnen, aufwachen / (Augen) sich öffnen, aufwachen"
型,Modell,KEI,,,,kata,Typus,,
申,sagen,SHIN,,,,mou.su,"sagen, sich nennen [bescheiden]",,
込,gedrängt voll sein,,,,,ko.mu,"gedrängt voll sein, hineinstopfen",,
欠,fehlen,KETSU,,,,ka.keru / .kasu,"fehlen / entbehren, weglassen",,
席,Sitz,SEKI,,,,,,,
詳,genau,SHOU,,,,kuwa.shii,"ausführlich, sich gut auskennen",,
知,wissen,CHI,,,,shi.ru,"wissen, erfahren",*shi.reru,wohlbekannt sein
平,flach,HEI,,,,tai.ra,"flach, eben",hira,"flach, Fäche"
接,zusammenfügen,SETSU,,,,tsu.gu,"zusammenkleben, zusammenfügen",,
回,drehen,KAI,,,,mawa.su / .ru,etwa. drehen / sich drehen,,
雪,Schnee,SETSU,,,,yuki,,,
馬,Pferd,BA,,,,uma,,,
量,Menge,RYOU,,,,haka.ru,(Gewicht) messen,,
荷,Gepäck,KA,,,,ni,"Gepäck, Fracht",,
案,Vorschlag,AN,Plan,,,,,,
煙,Rauch,EN,,,,kemu.ru,"rauchen, Rauch produzieren",kemuri,
冊,Buch,SATSU,[ZEW für Bücher],,,,,,
飼,(ein Haustier) halten,SHI,,,,ka.u,"ein Tier halten, züchten",,
沖,hohe See,CHUU,,,,oki,,,
縄,Seil,JOU,,,,nawa,,,
奈,was / Kompositum in Ortsnamen,,,,,,,,
埼,Kap,KI,,,,saki,,,
玉,Edelstein,GYOKU,,,,tama,"Edelstein, Kugel",,
群,Herde,GUN,,,,mu.re,,mu.reru,sich scharen
栃,Kastanie,,,,,tochi,(Ross-) Kastanie (bot.),,
茨,Dorn,,,,,ibara,,,
城,Schloss,JOU,,,,shiro,,,
残,Rest,ZAN,grausam,,,noko.su / .ru,"hinter-, zurücklassen / zurück-, übrig bleiben",,
念,Gedanke,NEN,Wunsch,,,,,,
誘,Einladung,YUU,,,,saso.u,"einladen, verführen",,
用,Angelegenheit,YOU,,,,mochi.iru,gebrauchen,,
枚,[ZEW für flache Gegenstände],MAI,,,,,,,
送,schicken,SOU,,,,oku.ru,,,
割,brechen,KATSU,,,,wa.ru / .reru,"zerteilen, dividieren / zerspringen",wari,10 Prozent
羽,Feder,U,,,,wa,[ZEW für Vögel],"hane, *ha",Flügel
統,beherrschen,TOU,,,,su.beru,,,
領,herrschen,RYOU,erhalten,,,,,,
森,Wald,SHIN,,,,mori,,,
俳,Schauspieler,HAI,Haiku,,,,,,
優,sanft,YUU,,,,yasa.shii,freundlich,,
迷,sich verirren,MEI,,,,mayo.u,,,
試,versuchen,SHI,,,,tame.su,,kokoro.miru,einen Versuch wagen
様,Zustand,YOU,,,,sama,"Zustand, [ehrerbietiges Appellativsuffix]",,
弱,schwach,JAKU,,,,yowa.i,,yowa.meru / .maru,schwächen / schwach werden
期,Periode,KI,,,,,,,
研,Forschung,KEN,,,,to.gu,polieren,,
究,gründlich untersuchen,KYUU,,,,kiwa.meru,"ergründen, auf die Spitze treiben",,
紺,dunkelblau,KON,,,,,,,
恐,Furcht,KYOU,,,,oso.roshii (=kowa.i),furchterregend,oso.reru,sich fürchten
最,am meisten,SAI,,,,motto.mo,,,
寄,sich nähern,KI,,,,yo.seru / .ru,zuwenden / sich nähern,,
装,sich ankleiden,SOU,Ausrüstung,,,yosoo.u,"sich ankleiden, sich verstellen",,
輪,Ring,RIN,,,,wa,Rad,,
婦,Frau,FU,Ehefrau,,,,,,
預,Verwahrung,YO,,,,azu.keru / .karu,in Verwahrung geben / in Verwahrung nehmen,,
曲,abbiegen,KYOKU,Musikstück,,,ma.geru / .garu,biegen / abbiegen,,
側,Seite,SOKU,,,,kawa,,,
突,stoßen,TOTSU,plötzlich,,,tsu.ku,"stechen, anstoßen",,
進,vorwärtsgehen,SHIN,Fortschritt,,,susu.meru / .mu,vorantreiben / vorwärtsgehen,,
路,Weg,RO,,,,ji,,,
験,Prüfung,KEN,,,,,,,
信,Vertrauen,SHIN,"Nachricht, Glaube",,,shin.jiru,an etw. / jmd. glauben,,
練,ausbilden,REN,,,,ne.ru,kneten,,
寮,Wohnheim,RYOU,,,,,,,
踊,Tanz,YOU,,,,odo.ru,tanzen,,
観,betrachten,KAN,,,,mi.ru,"[Darbietung, Film usw.] ansehen",,
項,Absatz,KOU,Abschnitt,,,,,,
直,direkt,CHOKU,,JIKI,,nao.su / .ru,in Ordnung bringen / in Ordnung gebracht werden,,
貯,sparen,CHO,,,,ta.meru/.maru,[Geld] ansparen [tr./intr.],,
康,Gesundheit,KOU,friedlich,,,,,,
続,fortsetzen,ZOKU,,,,tsuzu.keru / .ku,fortsetzen / fortdauern,,
編,zusammenstellen,HEN,,,,a.mu,stricken,,
輩,Kollege,HAI,,,,,,,
辛,scharf,SHIN,schmerzlich,,,kara.i,,tsura.i,schmerzlich
河,Fluss,KA,,,,kawa,,,
亭,Restaurant,TEI,Pavillon,,,,,,
実,Wirklichkeit,JITSU,,,,mi,Frucht,mino.ru,Früchte tragen
技,Technik,GI,Geschicklichkeit,,,waza,Kunstfertigkeit,,
準,Niveau,JUN,Richtlinie,,,,,,
備,Vorbereitung,BI,,,,sona.eru,sich vorbereiten,,
筆,Pinsel,HITSU,,,,fude,,,
締,zusammenbinden,TEI,,,,shi.meru / .maru,zusammen-binden / zusammengebunden sein,,
退,sich zurückziehen,TAI,,,,shirizo.ku / .keru,sich zurückziehen / zurücktreiben,,
必,gewiss,HITSU,unbedingt,,,kanara.zu,,,
世,Welt,SEI,,SE,,yo,,,
玄,dunkel,GEN,geheimnisvoll,,,,,,
脱,ausziehen,DATSU,,,,nu.gu,,,
積,Anhäufung,SEKI,Produkt (math.),,,tsu.mu / .moru,anhäufen / sich anhäufen,,
極,Extrem,KYOKU,Pol,GOKU,,,,kiwa.meru / .maru,auf die Spitze treiben / an der Spitze angelangt sein
的,Ziel,TEKI,[Attributivsuffix],,,mato,,,
無,nicht vorhanden sein,MU,"Un-, Nicht-",BU,,na.i,,,
器,Gefäß,KI,Gerät,,,utsuwa,,,
片,Fragment,HEN,,,,kata,"Fragment, eins von beiden",,
飾,schmücken,SHOKU,,,,kaza.ru,,,
代,Generation,DAI,,,,yo,,ka.waru,vertreten
払,Bezahlung,FUTSU,,,,hara.u,bezahlen,,
召,zu sich rufen,SHOU,,,,me.su,,,
苦,schmerzhaft,KU,,,,niga.i,bitter,kuru.shii,
匂,Geruch,,,,,nio.i,,nio.u,riechen
基,Grundlage,KI,,,,moto,Fundament,,
泊,Übernachtung,HAKU,[ZEW für Übernachtungen],,,to.meru / .maru,beherbergen / übernachten,,
博,umfassend,HAKU,,*BAKU,Glücksspiel,,,,
宅,Haus,TAKU,,,,,,,
札,Schein,SATSU,Banknote,,,fuda,Zettel,,
庭,Garten,TEI,,,,niwa,,,
訳,Übersetzung,YAKU,,,,wake,"Grund, Umstände",,
涼,kühl,RYOU,,,,suzu.shii,,,
似,ähneln,JI,,,,ni.ru,,,
重,schwer,JUU,,CHOU,wertvoll,omo.i,,kasa.neru / .naru,übereinander legen (tr. / intr.)
暖,warm,DAN,,,,atata.kai (=atata.ka),,atata.meru / .maru,wärmen / warm werden
八,Acht,HACHI,,,,yat.tsu,,,
百,Hundert,HYAKU,,,,,,,
祈,Gebet,KI,,,,ino.ru / .ri,beten / Gebet,,
増,sich vermehren,ZOU,,,,fu.yasu / .eru,vermehren / sich vermehren,,
招,heranwinken,SHOU,,,,mane.ku,einladen,,
志,Wille,SHI,,,,kokorozashi,,,
奨,ermuntern,SHOU,Empfehlung,,,,,,
飛,fliegen,HI,,,,to.bu,,,
帳,Notizbuch,CHOU,Register,,,,,,
革,Leder,KAKU,Reform,,,kawa,,,
毛,Haar,MOU,,,,ke,,,
糸,Faden,SHI,,,,ito,,,
眠,Schlaf,MIN,,,,nemu.i (=.tai),schläfrig,nemu.ru,schlummern
籍,Buch,SEKI,Familienregister,,,,,,
普,allgemein,FU,,,,,,,
及,erreichen,KYUU,,,,oyo.bu,,oyo.bi,und
存,Existenz,SON,,ZON,,,,,
考,überlegen,KOU,,,,kanga.eru,denken,,
並,aneinanderreihen,HEI,,,,nara.beru / .bu,aneinander-reihen / sich aneinanderreihen,nami,durchschnittlich
億,100 Millionen,OKU,,,,,,,
減,verringern,GEN,,,,he.rasu / .ru,verringern / sich verringern,,
界,Welt,KAI,Grenze,,,,,,
衆,Menge,SHUU,"Masse, Leute",,,,,,
宇,Weltall,U,Dach,,,,,,
宙,Weltraum,CHUU,,,,,,,
伺,besuchen,SHI,,,,ukaga.u,"besuchen, fragen [bescheiden]",,
正,richtig,SEI,,SHOU,,tada.shii,"richtig, gerechtfertigt",,
昔,alte Zeit,SEKI,damals,,,mukashi,,,
現,Gegenwart,GEN,,,,arawa.reru,zum Vorschein kommen,,
偶,Zufall,GUU,,,,,,,
然,wie,ZEN,,NEN,,,,,
暮,leben,BO,,,,ku.rasu,,ku.reru,untergehen (Sonne)
寿,langes Leben,JU,,*SU,,kotobuki,,,
司,verwalten,SHI,,,,,,,
値,Preis,CHI,,,,atai,,ne,
景,Landschaft,KEI,Anblick,,,,,,
富,Reichtum,FU,,,,tomi,,to.mu,reich werden
士,Mann,SHI,"Gelehrter, Krieger",,,,,,
他,anderer,TA,,,,hoka,,,
助,Hilfe,JO,,,,tasu.keru / .karu,retten / gerettet werden,suke,Gehilfe
壊,Zerstörung,KAI,,,,kowa.su / .reru,zerstören / zerstört sein,,
夫,Ehemann,FU,Mann,,,otto,,,
虫,Insekt,CHUU,,,,mushi,"Insekt, Ungeziefer",,
妻,Ehefrau,SAI,,,,tsuma,,,
困,Schwierigkeit,KON,,,,koma.ru,Schwierigkeiten haben,,
束,Bündel,SOKU,Beschränkung,,,taba,,,
故,Ursache,KO,verstorben,,,yue,Grund,,
障,Behinderung,SHOU,,,,sawa.ru,"hindern, beeinträchtigen",,
倒,umfallen,TOU,,,,tao.su / .reru,"umwerfen, fällen, besiegen / umfallen",,
郎,Mann,ROU,,,,,,,
確,sicher,KAKU,,,,tashi.ka,,tashi.kameru,sich vergewissern
認,anerkennen,NIN,,,,mito.meru,"anerkennen, zur Kenntnis nehmen",,
壁,Wand,HEKI,,,,kabe,,,
向,Richtung,KOU,,,,mu.keru / .ku,"etwas in eine Richtung drehen / sich zuwenden, geneigt sein",mu.kau,"gegenüber-stehen, sich auf ein Ziel zubewegen"
戻,zurückkehren,REI,,,,modo.ru / .su,"zurückkehren / zurücklegen, zurückgeben",,
床,Fußboden,SHOU,,,,yuka,,toko,Bett
役,Dienst,YAKU,,EKI,Militärdienst,,,,
届,Anmeldung,,,,,todoke,,todo.keru / .ku,"überbringen, melden / ankommen, erreichen"
製,herstellen,SEI,,,,,,,
域,Gebiet,IKI,,,,,,,
守,Schutz,SHU,,,,mamo.ru,beschützen,,
造,produzieren,ZOU,,,,tsuku.ru,"bauen, herstellen",,
免,Befreiung,MEN,,,,manuka.reru,"befreit sein, entgehen",,
許,Erlaubnis,KYO,,,,yuru.su,"erlauben,verzeihen",,
更,Veränderung,KOU,,,,fu.keru,spät werden,sara.ni,"außerdem, noch mehr"
議,Beratung,GI,Diskussion,,,,,,
震,Erdbeben,SHIN,,,,furu.u / .eru,beben / zittern,,
身,Körper,SHIN,,,,mi,,,
列,Reihe,RETSU,,,,,,,
論,Erörterung,RON,"Abhandlung, Theorie",,,,,,
速,schnell,SOKU,,,,haya.i,,,
答,Antwort,TOU,,,,kota.e,,kota.eru,antworten
想,denken,SOU,,,,omo.u,"sich etw. vorstellen, an jmd. denken",,
快,angenehm,KAI,schnell,,,kokoroyo.i,,,
適,entsprechend,TEKI,,,,,,,
提,vorbringen,TEI,,,,,,,
管,Rohr,KAN,Verwaltung,,,kuda,,,
区,Bezirk,KU,,,,,,,
六,Sechs,ROKU,,,,mut.tsu,,,
満,voll,MAN,,,,mi.tasu / .chiru,füllen / voll sein,,
感,Gefühl, KAN,,,,kan.jiru,fühlen,,
雰,Nebel,FUN,,,,,,,
囲,Umzäunung,I,,,,kako.mu,umgeben,kako.i,Umzäunung
別,Unterschied,BETSU,,,,waka.reru,sich trennen,,
裏,Rückseite,RI,,,,ura,Innenseite,,
扇,Fächer,SEN,,,,ougi (=oogi),,,
差,Unterschied,SA,,,,sa.su,"hinweisen, hineinstecken",,
希,Hoffnung,KI,,,,,,,
望,Wunsch,BOU,,,,nozo.mu,wünschen,,
情,Gefühl,JOU,Umstände,,,nasa.ke,Mitgefühl,,
奥,Inneres,OU,,,,oku,"Inneres, Ehefrau",,
細,dünn,SAI,,,,hoso.i,,koma.kai,"fein, ausführlich"
周,Umkreis,SHUU,,,,mawa.ri,,,
条,Paragraph,JOU,Artikel,,,,,,
敬,ehren,KEI,,,,uyama.u,,,
履,"(Fuß-, Beinkleidung) anziehen",RI,"durchlaufen, durchführen",,,ha.ku,,,
歴,aufeinander folgen,REKI,,,,,,,
渡,überqueren,TO,,,,wata.ru / .su,überqueren / übergeben,,
任,Verantwortung,NIN,,,,maka.seru,"anvertrauen, überlassen",,
慮,überlegen,RYO,bedenken,,,,,,
特,besonders,TOKU,,,,,,,
尊,hoch achten,SON,,,,,,,
覧,betrachten,RAN,,,,,,,
謙,Bescheidenheit,KEN,,,,,,,
譲,überlassen,JOU,,,,yuzu.ru,nachgeben,,
拝,verehren,HAI,,,,oga.mu,anbeten,,
参,besuchen,SAN,teilnehmen,,,mai.ru,gehen [bescheiden],,
秋,Herbst,SHUU,,,,aki,,,
鼓,Trommel,KO,,,,tsuzumi,Handtrommel,,
件,Angelegenheit,KEN,,,,,,,
犯,Verbrechen,HAN,,,,oka.su,"(ein Verbrechen) begehen, vergewaltigen",,
登,besteigen,TOU,eintragen,TO,,nobo.ru,,,
改,Verbesserung,KAI,,,,arata.meru / .maru,"verbessern, verändern / sich ändern, bessern",,
違,anders sein,I,"verstoßen, Fehler",,,chiga.u,"anders sein, fehlerhaft sein",,
反,Anti-,HAN,,*TAN / *HON,,so.rasu / .ru,biegen / sich biegen,,
対,gegenüberstehen,TAI,(im Verhältnis) zu,*TSUI,Paar,,,,
謝,Entschuldigung,SHA,danken,,,ayama.ru,sich entschuldigen,,
氷,Eis,HYOU,,,,koori,,koo.ru,gefrieren
踏,treten,TOU,,,,fu.mu,treten (auf),fu.maeru,beruhen auf
懸,aufhängen,KEN,,*KE,,ka.keru / .karu,aufhängen / hängen,,
刻,Zeit,KOKU,,,,kiza.mu,"schnitzen, klein schneiden",,
久,lange (Zeit),KYUU,,,,hisa.shii,,,
叱,ausschimpfen,SHITSU,,,,shika.ru,,,
泣,weinen,KYUU,,,,na.ku,,,
蚊,Gelse,,,,,ka,,,
刺,stechen,SHI,,,,sa.su,,,
工,Arbeit,KOU,,*KU,,,,,
清,Reinheit,SEI,,,,kiyo.raka,rein,kiyo.meru,"von schlechten Einflüssen befreien, reinigen"
昭,hell,SHOU,klar,,,,,,
輸,Transport,YU,,,,,,,
影,Schatten,EI,,,,kage,,,
麦,Getreide,BAKU,,,,mugi,,,
混,vermischen,KON,,,,ma.zeru / .zaru (=ma.jiru),vermischen / sich vermischen,,
械,Maschine,KAI,,,,,,,
厚,dick,KOU,,,,atsu.i,"warm (Kleidung), freundlich",,
法,Gesetz,HOU,,,,,,,
隆,blühend,RYUU,,,,,,,
寺,Tempel,JI,,,,tera,,,
県,Präfektur,KEN,,,,,,,
検,Untersuchung,KEN,,,,,,,
資,Geldmittel,SHI,Eigenschaft,,,,,,
頼,bitten,RAI,,,,tano.mu,,tayo.ru,sich verlassen
松,Kiefer (bot.),SHOU,,,,matsu,,,
枝,Zweig,SHI,,,,eda,,,
際,Grenze,SAI,Gelegenheit,,,kiwa,,,
勝,Sieg,SHOU,,,,ka.tsu,siegen / besiegen,masa.ru,überlegen sein
陸,(Fest-)Land,RIKU,,,,,,,
厳,streng,GEN,,,,kibi.shii,,,
督,beaufsichtigen,TOKU,anspornen,,,,,,
走,laufen,SOU,,,,hashi.ru,fahren,,
塾,Nachhilfe-schule,JUKU,,,,,,,
育,Erziehung,IKU,,,,soda.teru / .tsu,erziehen / aufwachsen,,
推,Schlussfolgerung,SUI,,,,o.su,"folgern, [jmd.] empfehlen",,
薦,Empfehlung,SEN,,,,susu.meru,empfehlen,,
躍,lebhaft,YAKU,,,,odo.ru,"springen, herumtanzen",,
流,Strömung,RYUU,,*RU,,naga.reru / .su,fließen / fließen lassen,,
祝,Feier,SHUKU,,,,iwa.u,feiern,,
格,Regel,KAKU,Kasus,,,,,,
系,Zugehörigkeit,KEI,System,,,,,,
季,Jahreszeit,KI,,,,,,,
節,Abschnitt,SETSU,"Jahreszeit, Mäßigkeit",,,fushi,"Bambus-, Astknoten, Fingerknöchel, Melodie [japanische Ballade]",,
華,Blume,KA,China,,,hana,,,
史,Geschichte,SHI,,,,,,,
里,Dorf,RI,,,,sato," Heimatdort, Herkunftsort",,
乾,trocken,KAN,,,,kawa.ku / .kasu,trocken sein / trocknen,,
板,Brett,BAN,,*HAN,,ita,"Brett, Blech",,
十,Zehn,JUU,,*JI,,too,,,
王,König,OU,,,,,,,
主,Besitzer,SHU,,,,nushi,"Besitzer, Herr",omo,hauptsächlich
矢,Pfeil,SHI,,,,ya,,,
有,Existenz,YUU,,*U,,a.ru,existieren,,
死,Tod,SHI,,,,shi.nu,sterben,,
竹,Bambus,CHIKU,,,,take,,,
町,Stadt(-viertel),CHOU,,,,machi,,,
若,jung,JAKU,,,,waka.i,,,
鳥,Vogel,CHOU,,,,tori,,,
飯,gekochter Reis,HAN,,,,meshi,,ii [Verwendung in Namen],
府,Regierung,FU,Stadtpräfektur,,,,,,
熊,Bär,,,,,kuma,,,
比,Vergleich,HI,,,,kura.beru,vergleichen,,
皆,alle,KAI,,,,mina (=minna),,,
複,mehrfach,FUKU,,,,,,,
緒,Anfang,SHO,,CHO,,,,,
負,Niederlage,FU,,,,ma.keru / .kasu,verlieren / besiegen,,
絶,aufhören,ZETSU,,,,ta.eru,,,
彼,er,HI,,,,kare,"er [3. Person Sg.], der Beziehungspartner",,
与,geben,YO,,,,ata.eru,,,
互,gegenseitig,GO,,,,taga.i,,,
含,enthalten,GAN,,,,fuku.mu / .meru,enthalten / mit einschließen,,
精,Vitalität,SEI,,*SHOU,,,,,
折,Bruch,SETSU,,,,o.ru / .reru,"zerbrechen (trans.), falten / zerbrechen (intrans.), gefaltet sein",,
般,allgemein,HAN,,,,,,,
米,Reis,BEI,Amerika,,,kome,(ungekochter) Reis,,
敗,Niederlage,HAI,,,,yabu.reru,besiegt werden,,
功,Verdienst,KOU,,,,,,,
得,Vorteil,TOKU,,,,e.ru,erlangen,,
費,Kosten,HI,Ausgaben,,,tsui.yasu / .eru,"ausgeben, verschwenden / verschwendet, ausgegeben werden",,
戦,Krieg,SEN,Gefecht,,,ikusa,,tataka.u,kämpfen
競,Wettkampf,KYOU,,,,kiso.u,wetteifern,,
争,Streit,SOU,Kampf,,,araso.u,"streiten, kämpfen",,
境,Grenze,KYOU,Zustand,,,sakai,,,
熟,Reife,JUKU,,,,,,,
民,Volk,MIN,,,,tami,,,
紀,Ära,KI,Chronik,,,,,,
倍,i-fach,BAI,doppelt,,,,,,
個,Stück,KO,Individuum,,,,,,
賛,Zustimmung,SAN,,,,,,,
宗,Religion,SHUU,,SOU,Oberhaupt,,,,
仏,Buddha,BUTSU,Frankreich,,,hotoke,,,
福,Glück,FUKU,,,,,,,
怒,Zorn,DO,,,,oko.ru (=ika.ru),zornig werden,,
恋,Liebe,REN,,,,koi,,,
識,Wissen,SHIKI,,,,,,,
殺,Mord,SATSU,,SETSU,,koro.su,töten,,
岩,Felsen,GAN,,,,iwa,,,
構,bauen,KOU,,,,kama.eru,,,
命,Leben,MEI,,*MYOU,Lebensspanne,inochi,,,
未,noch nicht,MI,,,,ima.da ni,,,
深,tief,SHIN,,,,fuka.i,,fuka.meru / .maru,vertiefen / tiefer werden
悲,Trauer,HI,,,,kana.shii,traurig,kana.shimu,"trauern, traurig sein"
響,hallen,KYOU,,,,hibi.ku,,,
版,Auflage,HAN,,,,,,,
亡,Tod,BOU,,,,na.i,verstorben,,
頃,Zeit,KEI,ungefähr,,,koro,,,
芸,Kunst,GEI,,,,,,,
愛,Liebe,AI,,,,ito.shii,geliebt,,
超,"überschreiten (Alter, Zeit)",CHOU,Super- ,,,ko.eru,übersteigen,,
鳴,Tierlaut,MEI,,,,na.ku,Laute von sich geben,na.rasu / .ru,ertönen lassen / klingen
傾,Neigung,KEI,Tendenz,,,katamu.ku,sich in eine Richtung neigen,,
挙,heben,KYO,Benehmen,,,a.geru / .garu,heben / aufsteigen,,
況,Zustand,KYOU,Lage,,,,,,
血,Blut,KETSU,,,,chi,,,
液,Flüssigkeit,EKI,,,,,,,
完,vollständig,KAN,,,,,,,
逆,umgekehrt,GYAKU,,,,saka,,saka.rau,sich widersetzen
低,niedrig,TEI,,,,hiku.i,,hiku.meru / .maru,niedriger machen / niedriger werden
点,Punkt,TEN,,,,,,,
常,gewöhnlich,JOU,,,,tsune.ni,,,
恥,Scham,CHI,Schande,,,haji,,ha.zukashii,beschämt sein
講,Vorlesung,KOU,Aussöhnung,,,,,,
義,Gerechtigkeit,GI,angeheiratet,,,,,,
均,einheitlich,KIN,,,,,,,
劇,Schauspiel,GEKI,heftig,,,,,,
偉,tüchtig,I,bedeutend,,,era.i,"tüchtig, als Experte bekannt",,
派,Sekte,HA,Fraktion,,,,,,
毒,Gift,DOKU,,,,,,,
破,zerreißen,HA,,,,yabu.ru / .reru,zerreißen (trans.) / zerreißen (intrans.),,
喜,Freude,KI,,,,yoroko.bu,sich freuen,,
追,Verfolgung,TSUI,,,,o.u,verfolgen,,
逃,Flucht,TOU,,,,ni.geru,fliehen,,
抜,herausziehen,BATSU,,,,nu.ku / .keru,"herausziehen, weglassen / ausfallen, fehlen",,
怖,Furcht,FU,,,,kowa.i,furchteinflössend,kowa.garu,sich fürchten
制,System,SEI,,,,,,,
協,Kooperation,KYOU,,,,,,,
因,Grund,IN,Ursache,,,yo.ru,beruhen auf,,
求,Forderung,KYUU,,,,moto.meru,fordern,,
算,Rechnen,SAN,,,,,,,
等,Rang,TOU,,,,hito.shii,gleich,nado,und so weiter
率,Prozentsatz,RITSU,,SOTSU,"plötzlich, Führung",hiki.iru,"führen, kommandieren",,
環,Ring,KAN,,,,,,,
判,Urteil,HAN,,BAN,Papierformat,,,,
断,Entscheidung,DAN,,,,kotowa.ru,"ablehnen, absagen, vorwarnen",,
述,Äußerung,JUTSU,,,,no.beru,"äußern, aussprechen",,
訪,Besuch,HOU,,,,otozu.reru (=tazu.neru),besuchen,,
省,Ministerium,SHOU,,SEI,"Überlegung, Reflexion",kaeri.miru,"überlegen, reflektieren",habu.ku,auslassen
独,allein,DOKU,Deutschland,,,hito.ri,,,
凍,einfrieren,TOU,,,,koo.ru,,kogo.eru,(vor Kälte) starr werden
罪,Verbrechen,ZAI,Sünde,,,tsumi,"Verbrechen, Schuld, Sünde",,
盗,Diebstahl,TOU,,,,nusu.mu,stehlen,,
著,erheblich,CHO,"deutlich, Werk",,,ichijiru.shii,,,
氏,Familie,SHI,[höfl. Appellativsuffix der Schriftsprache],,,uji,"Sippe, Clan",,
宣,Verkündung,SEN,,,,,,,
徴,Anzeichen,CHOU,versammeln,,,,,,
批,Kritik,HI,,,,,,,
策,Maßnahme,SAKU,Politik,,,,,,
缶,Konservendose,KAN,Dampfkessel,,,,,,
導,führen,DOU,,,,michibi.ku,,,
替,Umtausch,TAI,,,,ka.eru / .waru,umtauschen / umgetauscht werden,,
各,jeder,KAKU,,,,onoono,,,
税,Steuer,ZEI,Zoll,,,,,,
支,Unterstützung,SHI,"Zweig(-familie,-unternehmen)",,,sasa.eru,unterstützen,,
非,un-,HI,Fehler,,,,,,
共,gemeinsam,KYOU,,,,tomo.ni,,,
政,Regierung,SEI,,,,matsurigoto,Regierung [im vormodernen Japan],,
候,Wetter,KOU,warten,,,,,,
律,Recht,RITSU,Rhythmus,*RICHI,,,,,
築,Bau,CHIKU,,,,kizu.ku,erbauen,,
展,ausbreiten,TEN,,,,,,,
至,äußerst,SHI,,,,ita.ru,gelangen,,
戸,Tür,KO,Haushalt,,,to,,,
録,Aufzeichnung,ROKU,,,,,,,
燃,Brand,NEN,,,,mo.eru / .yasu,brennen / verbrennen (trans.),,
仲,Beziehung,CHUU,,,,naka,,,
隠,Versteck,IN,,,,kaku.su / .reru,etw. verstecken / sich verstecken,,
丈,Länge,JOU,,,,take,"Länge, Körpergröße",,
沿,entlang verlaufen,EN,,,,so.u,,,
息,Atem,SOKU,Kind,,,iki,,,
吹,blasen,SUI,,,,fu.ku,,,
級,Rang,KYUU,Klasse,,,,,,
爆,Explosion,BAKU,,,,,,,
態,Zustand,TAI,,,,,,,
印,Kennzeichen,IN,"Stempel, Indien",,,shirushi,,,
象,Gestalt,SHOU,,ZOU,Elefant,,,,
夢,Traum,MU,,,,yume,,,
詩,Gedicht,SHI,,,,,,,
像,Bild,ZOU,,,,,,,
担,auf den Schultern tragen,TAN,Verantwortung haben,,,katsu.gu,,,
姿,Gestalt,SHI,,,,sugata,Gestalt,,
章,Kapitel,SHOU,,,,,,,
張,Spannung,CHOU,,,,ha.ru,(auf-)spannen,,
浮,"herumtreiben (am Land, an der Wasseroberfläche)",FU,,,,u.ku / .kabu,"treiben, schweben, unangenehm herausstechen / treiben, schwimmen",,
素,Grundlage,SO,Element,SU,"nackt, ursprünglich",,,,
憶,Erinnerung,OKU,,,,,,,
孫,Enkel,SON,Nachkommen,,,mago,,,
娘,Tochter,JOU,junge Frau,,,musume,,,
標,Kennzeichen,HYOU,,,,,,,
票,Wählerstimme,HYOU,Stimmzettel,,,,,,
責,Verantwortung,SEKI,,,,se.meru,"zur Verantwortung ziehen, beschuldigen",,
権,Recht,KEN,Autorität,,,,,,
評,Beurteilung,HYOU,,,,,,,
総,allgemein,SOU,,,,,,,
臣,Untertan,SHIN,,JIN,Minister,,,,
除,Ausnahme,JO,"Beseitigung, Division (Math.)",*JI,,nozo.ku,"ausnehmen, beseitigen",,
貧,Armut,BIN,,HIN,,mazu.shii,"armselig, arm",,
補,Ergänzung,HO,Gehilfe,,,ogina.u,"ergänzen, ersetzen",,
応,Antwort,OU,,,,kota.eru,antworten,,
党,Partei,TOU,,,,,,,
離,entfernt,RI,,,,hana.su / .reru,entfernen / sich entfernen,,
討,Angriff,TOU,,,,u.tsu,angreifen,,
剣,Schwert,KEN,,,,tsurugi,,,
疑,Zweifel,GI,Verdächtigung,,,utaga.u,"anzweifeln, verdächtigen",,
悩,Leid,NOU,,,,naya.masu / .mu,quälen / leiden,,
豊,reichlich,HOU,fruchtbar,,,yuta.ka,,toyo (Verwendung in Namen),
再,wieder,SAI,Neu-,SA,,futata.bi,noch einmal,,
緑,Grün,RYOKU,,,,midori,,,
測,Messung (Entfernung),SOKU,,,,haka.ru,(ab-)messen,,
栄,Ruhm,EI,,,,ha.e,,saka.eru,gedeihen
養,"aufziehen (Kinder, Tiere)",YOU,Adoption,,,yashina.u,,,
従,Befolgung,JUU,,*SHOU,,shitaga.u,"befolgen, entsprechen",,
恵,Gnade,KEI,,E,Weisheit,megu.mu,"Gande erweisen, segnen",,
齢,Alter,REI,,,,,,,
延,Aufschiebung,EN,Verlängerung,,,no.basu (=.beru) / .biru,"verlängern, aufschieben / verlängert, aufgeschoben werden",,
老,Alter,ROU,,,,o.iru (=fu.keru),altern,,
収,Einkommen,SHUU,,,,osa.meru / .maru,einnehmen / bezahlt werden,,
労,Arbeit,ROU,,,,,,,
衛,Bewachung,EI,,,,,,,
賞,Preis,SHOU,,,,,,,
源,Ursprung,GEN,Quelle,,,minamoto,,,
善,[moralisch] gut,ZEN,,,,yo.i,,,
農,Landwirtschaft,NOU,,,,,,,
防,Schutz,BOU,,,,fuse.gu,"abwehren, abwenden",,
句,Satzteil,KU,,,,,,,
緊,gespannt,KIN,,,,,,,
仮,vorläufig,KA,,,,kari.ni,,,
宝,Schatz,HOU,,,,takara,,,
示,zeigen,JI,,*SHI,,shime.su,,,
遣,schicken,KEN,,,,tsuka.wasu,,tsuka.u,verwenden
居,anwesend sein,KYO,wohnen,,,i.ru,,,
績,Leistung,SEKI,Spinnen,,,,,,
慌,überstürzt,KOU,nervös,,,awa.teru,"sich übereilen, vorschnell handeln",,
徹,hindurchgehen,TETSU,,,,,,,
底,Boden,TEI,,,,soko,,,
縁,Schicksal,EN,,,,fuchi,Rand,,
衰,schwächer werden,SUI,,,,otoro.eru,,,
銭,Geld,SEN,Münze,,,zeni,,,
如,sein wie,JO,,,,,,,
斉,gleichmäßig,SEI,,,,,,,
拠,sich stützen auf,KYO,,KO,,,,,
聴,zuhören,CHOU,,,,ki.ku,,,
副,Neben-,FUKU,Vize-,,,,,,
梅,japanische Pflaume,BAI,,,,ume,,,
桃,Pfirsich,TOU,,,,momo,,,
順,Reihenfolge,JUN,Ordnung,,,,,,
恩,Güte,ON,Fürsorge,,,,,,
穂,Ähre,SUI,,,,ho,,,
寧,Ruhe,NEI,Friede,,,,,,
依,sich stützen auf,I,,*E,,,,,
鑑,Beurteilung,KAN,Spiegel,,,,,,
石,Stein,SEKI,,,,ishi,,,
程,Ausmaß,TEI,Entfernung,,,hodo,,,
渉,Interaktion,SHOU,Überquerung,,,,,,
致,machen [besch.],CHI,erreichen,,,ita.su,machen [besch.],,
儀,Zeremonie,GI,,,,,,,
載,aufladen,SAI,anbringen,,,no.seru,,,
廊,Korridor,ROU,,,,,,,
企,Unternehmen,KI,Plan,,,kuwada.teru,"unternehmen, planen",,
避,Vermeidung,HI,,,,sa.keru,,,
修,Verbesserung,SHUU,Beherrschung,,,osa.meru,"erlernen, beherrschen",,
疎,Distanz,SO,Entfremdung,,,uto.i,"distanziert, unkundig",,
典,Zeremonie,TEN,Gesetz,,,,,,
泰,friedlich,TAI,Thailand,,,,,,
範,Muster,HAN,,,,,,,
惑,Zweifel,WAKU,Unsicherheit,,,mado.u,"zweifeln, sich irren",,
御,[Honorativpräfix],GO,,GYO,,on,,,
陽,Sonne,YOU,positiv,,,,,,
軒,Haus,KEN,[ZEW für Häuser],,,noki,Vordach,,
復,Wiederholung,FUKU,zurückkehren,,,,,,
撲,schlagen,BOKU,,,,,,,
勧,Rat,KAN,Ermunterung,,,susu.meru,"raten, ermuntern",,
努,Bemühung,DO,Anstrengung,,,tsuto.meru,"bemühen, anstrengen",,
継,Fortsetzung,KEI,Nachfolge,,,tsu.gu,nachfolgen,,
懐,Nostalgie,KAI,Tasche,,,natsu.kashii,"vertraut, nostalgisch",,
灯,Licht,TOU,Lampe,,,hi,,,
叫,Schrei,KYOU,,,,sake.bu,schreien,,
雲,Wolke,UN,,,,kumo,,,
掲,Bekanntmachung,KEI,Anschlag,,,kaka.geru,"anschlagen, bekanntmachen",,
雷,Donner,RAI,,,,kaminari,,,
干,Trocknung,KAN,,,,ho.su / hi.ru,trocknen / trocken werden,,
鶏,Huhn,KEI,,,,niwatori,,,
豚,Schwein,TON,,,,buta,,,
鏡,Spiegel,KYOU,Optik,,,kagami,,,
署,Amt,SHO,,,,,,,
投,Wurf,TOU,,,,na.geru,werfen,,
脅,Drohung,KYOU,,,,obiya.kasu (=odo.su),drohen,,
奪,Raub,DATSU,,,,uba.u,rauben,,
撃,Angriff,GEKI,,,,u.tsu,"angreifen, schießen",,
審,Nachforschung,SHIN,,,,,,,
欄,Kolumne,RAN,,,,,,,
災,Katastrophe,SAI,,,,wazawa.i,,,
駐,Aufenthalt,CHUU,parken,,,,,,
滞,Aufenthalt,TAI,,,,todokoo.ru,stocken,,
甲,Erster,KOU,,,,,,,
浦,Bucht,HO,,,,ura,,,
衝,Zusammenstoss,SHOU,Impuls,,,,,,
敏,flink,BIN,scharfsinnig,,,,,,
叔,jüngere Geschwister der Eltern,SHUKU,,,,,,,
我,ich,GA,das Selbst,,,wa (=ware),,wa.ga,"mein, unser"
慢,Hochmut,MAN,Faulheit,,,,,,
僚,Kollege,RYOU,,,,,,,
郊,Vorort,KOU,,,,,,,
触,Berührung,SHOKU,,,,sawa.ru (=fu.reru),berühren,,
沢,Sumpf,TAKU,,,,sawa,,,
抱,Umarmung,HOU,,,,da.ku,umarmen,,
勇,Mut,YUU,,,,isa.mu,Mut fassen,,
頑,Hartnäckigkeit,GAN,,,,,,,
啓,Mitteilung,KEI,Aufklärung,,,,,,
略,Abkürzung,RYAKU,,,,,,,
属,Zugehörigkeit,ZOKU,,,,,,,
星,Stern,SEI,,,,hoshi,,,
潔,Reinheit,KETSU,,,,isagiyo.i,redlich,,
療,Heilung,RYOU,,,,,,,
到,Ankunft,TOU,,,,,,,
揮,Kommando,KI,dirigieren,,,,,,
溶,schmelzen,YOU,,,,to.kasu / .keru,schmelzen [trans.] / schmelzen [intrans.],,
房,Zimmer,BOU,,,,fusa,Quaste,,
贈,Schenkung,ZOU,,,,oku.ru,schenken,,
創,Ursprung,SOU,Verletzung,,,,,,
秀,hervorragend,SHUU,,,,hii.deru,hervorragen,,
密,geheim,MITSU,,,,,,,
盛,Gedeihen,SEI,,,,saka.n,aufblühend,mo.ru,aufhäufen
矛,Hellebarde,MU,,,,hoko,,,
盾,Schild,JUN,,,,tate,,,
卓,Tisch,TAKU,hervorragend,,,,,,
操,Bedienung,SOU,,,,ayatsu.ru,"bedienen, lenken",,
柄,Griff,HEI,,,,e,,gara,Charakter
黙,Schweigsamkeit,MOKU,,,,dama.ru,schweigen,,
漫,zusammenhanglos,MAN,,,,,,,
邪,schlecht,JA,böse,,,,,,
娯,Vergnügen,GO,,,,,,,
層,Schicht,SOU,,,,,,,
庁,Behörde,CHOU,,,,,,,
舎,Gebäude,SHA,,,,,,,
往,gehen,OU,,,,,,,
擬,Nachahmung,GI,,,,,,,
害,Schaden,GAI,,,,,,,
杉,Zeder,,,,,sugi,,,
汽,Dampf,KI,,,,,,,
柱,Säule,CHUU,,,,hashira,,,
駆,rennen,KU,,,,ka.keru,,,
振,Erschütterung,SHIN,,,,fu.ru / .ruu,schütteln / umherschwenken,,
坊,buddhistischer Priester,BOU,Junge,,,,,,
笛,Flöte,TEKI,,,,fue,,,
廃,unbrauchbar,HAI,,,,suta.reru,außer Gebrauch kommen,,
茂,üppig wachsen,MO,,,,shige.ru,,,
鉛,Blei,EN,,,,namari,,,
描,Darstellung,BYOU,,,,ega.ku,zeichnen,,
嬢,junge Frau,JOU,,,,,,,
倉,Speicher,SOU,,,,kura,,,
催,Veranstaltung,SAI,,,,moyoo.su,veranstalten,,
衣,Gewand,I,,,,koromo,,,
充,füllen,JUU,,,,a.teru,,,
汗,Schweiß,KAN,,,,ase,,,
崎,Vorgebirge,,,,,saki,,,
余,übrig bleiben,YO,,,,ama.su / .ru,übrig lassen / übrig bleiben,,
船,Schiff,SEN,,,,fune,,,
模,Muster,MO,Nachahmung,BO,,,,,
翌,folgender,YOKU,,,,,,,
墨,Tusche,BOKU,,,,sumi,,,
綱,Regel,KOU,,,,tsuna,dickes Seil,,
堀,Wassergraben,,,,,hori,,,
朗,klar,ROU,,,,hoga.raka,,,
宮,Palast,KYUU,,GUU,Schrein,miya,Palast,,
弓,Bogen,KYUU,,,,yumi,,,
尋,Nachforschung,JIN,Befragung,,,tazu.neru, befragen,,
曇,bewölkt,DON,,,,kumo.ru,bewölkt werden,,
盆,Tablett,BON,O-bon-Fest,,,,,,
児,Kind,JI,,,,,,,
童,Kind,DOU,,,,warabe,,,
拓,urbar machen,TAKU,,,,,,,
津,Hafen,SHIN,,,,tsu,,,
欧,Europa,OU,,,,,,,
剰,Überschuss,JOU,,,,,,,
染,Farbe,SEN,,,,so.meru,färben,shi.miru,einsickern
駄,schlecht,DA,,,,,,,
惨,Elend,SAN,,ZAN,,miji.me,"elend, miserabel",,
移,Verlegung,I,,,,utsu.ru,"verlegen, bewegen",,
暴,Gewalt,BOU,,,,aba.reru,toben,,
践,Praxis,SEN,,,,,,,
整,Ordnung,SEI,,,,totono.eru,ordnen,,
波,Welle,HA,,,,nami,,,
枯,verwelken,KO,,,,ka.reru,,,
尾,Schwanz,BI,,,,o,,,
瀬,Moment,,,,,se,Stromschnelle,,
奇,seltsam,KI,,,,,,,
疫,Seuche,EKI,,,,,,,
烈,heftig,RETSU,,,,,,,
埋,vergraben,MAI,,,,u.meru / .moru,begraben / begraben sein,,
傷,Wunde,SHOU,Beschädigung,,,kizu,,ita.meru / .mu,verletzen / verletzt sein
損,Beschädigung,SON,,,,soko.nau,beschädigen,,
棟,Gebäude,TOU,[ZEW für Gebäude],,,mune,Dachfirst,,
陥,hineinfallen,KAN,,,,ochii.ru,,,
没,versinken,BOTSU,,,,,,,
架,errichten,KA,,,,ka.keru,,,
網,Netz,MOU,,,,ami,,,
寸,ein wenig,SUN,"sun (altes Längenmaß, ca. 3cm)",,,,,,
兵,Soldat,HEI,,,,,,,
被,erleiden,HI,,,,koumu.ru,,,
丹,Zinnober,TAN,,,,,,,
刊,Veröffentlichung,KAN,,,,,,,
析,Zerteilung,SEKI,Analyse,,,,,,
亜,Asien,A,Nächster,,,,,,
豪,hervorragend,GOU,,,,,,,
恒,Beständigkeit,KOU,,,,,,,
徐,geduldig,JO,langsam,,,,,,
救,Rettung,KYUU,,,,suku.u,retten,,
訓,Belehrung,KUN,reinjapanische Lesung eines kanji,,,,,,
逮,Festnahme,TAI,,,,,,,
捕,Festnahme,HO,,,,to.raeru (=tsuka.maeru) / .rawareru (tsuka.maru),"einfangen, [Sinn] erfassen / gefangen werden",,
滑,gleiten,KATSU,rutschen,,,su.beru,"gleiten, rutschen",name.raka,"glatt, geschmeidig"
堪,aushalten,KAN,,,,ta.eru,etw. aushalten,,
契,schwören,KEI,,,,chigi.ru,,,
採,pflücken,SAI,,,,to.ru,,,
敵,Feind,TEKI,,,,kataki,,,
旬,zehn Tage,JUN,,,,,,,
卵,Ei,RAN,,,,tamago,,,
巻,Rolle,KAN,Band,,,maki,,ma.ku,zusammenrollen
縮,Verkleinerung,SHUKU,,,,chiji.meru / mu (=.maru),[ein]schrumpfen (tr. / intr.),,
購,Kauf,KOU,,,,,,,
抽,herausziehen,CHUU,,,,,,,
頂,erhalten,CHOU,Gipfel,,,itada.ku,erhalten,itadaki,Gipfel
征,Unterwerfung,SEI,,,,,,,
湿,Feuchtigkeit,SHITSU,,,,shime.ru,nass werden,,
沈,sinken,CHIN,,,,shizu.meru / .mu,versenken / sinken,,
貫,Durchdringung,KAN,,,,tsuranu.ku,durchdringen,,
唱,vortragen,SHOU,,,,tona.eru,,,
腹,Bauch,FUKU,,,,hara,,,
促,Fördern,SOKU,,,,unaga.su,anfordern,,
繰,abhaspeln,,,,,ku.ru,,,
肌,Haut,,,,,hada,,,
峡,Bergschlucht,KYOU,,,,,,,
雄,Männchen,YUU,Tapferkeit,,,osu,Männchen,,
執,Durchführung,SHITSU,,*SHUU,,to.ru,ergreifen,,
穴,Loch,KETSU,Höhle,,,ana,,,
透,durchsichtig,TOU,,,,su.ku (=.keru),durchsichtig sein,,
漠,Wüste,BAKU,undeutlich,,,,,,
揺,Erschütterung,YOU,,,,yu.reru,"schwanken, beben",,
苗,Setzling,BYOU,,,,nae,,,
貴,hochgeschätzt,KI,,,,touto.i,,,
岸,Ufer,GAN,,,,kishi,,,
幕,Bakufu-Regierung (=Shogunat),BAKU,,MAKU,"Vorhang, Akt",,,,
摩,reiben,MA,,,,,,,
擦,zerreiben,SATSU,,,,su.ru,,,
霧,Nebel,MU,,,,kiri,,,
覆,umwerfen,FUKU,,,,oo.u,bedecken,,
匹,[ZEW für Tiere],HITSU,ein Paar,,,hiki,[ZEW für Tiere],,
噴,herausspritzen,FUN,,,,fu.ku,,,
閣,Kabinett,KAKU,,,,,,,
皇,Kaiser,KOU,,OU,,,,,
竜,Drache,RYUU,,,,tatsu,,,
芳,erfreulich,HOU,,,,kanba.shii,duftend,,
陣,Feldlager,JIN,,,,,,,
織,weben,SHOKU,,SHIKI,,o.ru,,,
禅,Zen-Buddhismus,ZEN,,,,,,,
殿,Palast,DEN,,*TEN,,tono,Fürst,,
鎖,Kette,SA,,,,kusari,,,
唯,nur,YUI,,,,,,,
跡,Spur,SEKI,,,,ato,,,
孔,Konfuzianimus,KOU,,,,,,,
栽,Kultivieren,SAI,,,,,,,
培,Anbau,BAI,,,,tsuchika.u,"anbauen, züchten",,
礁,Felsenriff,SHOU,,,,,,,
畑,[nicht Reis-] Feld ,,,,,hatake,,,
牧,Weide,BOKU,,,,maki,,,
彫,schnitzen,CHOU,Bildhauerei,,,ho.ru,,,
闘,Kampf,TOU,,,,tataka.u,kämpfen,,
畜,Haustier,CHIKU,,,,,,,
陶,Porzellan,TOU,,,,,,,
滋,üppig wachsen,JI,,,,,,,
賀,Gratulation,GA,,,,,,,
漆,Lack,SHITSU,,,,urushi,,,
塗,Anstrich,TO,,,,nu.ru,anstreichen,,
賄,Bestechung,WAI,,,,,,,
鉱,Erz,KOU,,,,,,,
排,Ausstoß,HAI,,,,,,,
占,Besatzung,SEN,,,,shi.meru,[ein Land] besetzen,urana.u,vorhersagen
奮,sich aufraffen,FUN,,,,furu.u,,,
攻,Angriff,KOU,,,,se.meru,angreifen,,
荒,rau,KOU,grob,,,ara.i,,a.rasu / .reru,"verwüsten / verwildern, aufgewühlt sein [Meer]"
針,Nadel,SHIN,,,,hari,,,
軟,weich,NAN,,,,yawa.raka (=.rakai),,,
双,Zwilling,SOU,Paar,,,futa,,,
端,Ende,TAN,,,,hashi,"Ende, Rand",,
概,allgemein,GAI,,,,,,,
眺,betrachten,CHOU,,,,naga.meru,,,
誤,sich irren,GO,,,,ayama.ru,,,
偏,auf eine Seite neigen,HEN,,,,katayo.ru,,,
勢,Schwung,SEI,,,,ikio.i,,,
照,Licht,SHOU,,,,te.rasu / .ru,beleuchten / leuchten,,
還,Rückkehr,KAN,,,,,,,
暦,Kalender,REKI,,,,koyomi,,,
俊,hervorragend,SHUN,,,,,,,
赴,sich begeben,FU,,,,,,,
媒,Vermittler,BAI,,,,,,,
委,anvertrauen,I,,,,,,,
臭,übelriechend,SHUU,,,,kusa.i,,,
妙,merkwürdig,MYOU,,,,,,,
拒,ablehnen,KYO,,,,koba.mu,,,
郷,Heimatort,GOU,,KYOU,,,,,
序,Anfang,JO,,,,,,,
較,Vergleich,KAKU,,,,,,,
呉,Wu (altes Reich in China),GO,,,,,,,
伯,ältere Geschwister der Eltern,HAKU,,,,,,,
惜,bedauerlich,SEKI,,,,o.shii,,,
脈,Ader,MYAKU,Puls,,,,,,
猿,Affe,EN,,,,saru,,,
珠,Perle,SHU,Juwel,,,,,,
塚,Erdhügel,,,,,tsuka,,,
才,Begabung,SAI,Lebensjahr,,,,,,
凡,gewöhnlich,BON,,,,,,,
遭,Begegnung,SOU,,,,a.u,,,
披,öffnen,HI,,,,,,,
露,Tau,RO,Entblößung,,,tsuyu,,,
腐,verderben,FU,,,,kusa.ru,,,
威,Autorität,I,,,,,,,
伴,Begleitung,BAN,,*HAN,,tomona.u,begleiten,,
崩,Einsturz,HOU,,,,kuzu.su / .reru,niederreißen / einstürzen,,
挑,Herausforderung,CHOU,,,,ido.mu,herausfordern,,
稿,Manuskript,KOU,,,,,,,
魅,Faszination,MI,,,,,,,
棒,Stock,BOU,,,,,,,
磨,polieren,MA,,,,miga.ku,,,
鍛,schmieden,TAN,,,,kita.eru,"schmieden, abhärten",,
斜,schief,SHA,,,,nana.me,,,
罰,Strafe,BATSU,,BACHI,,,,,
獄,Hölle,GOKU,,,,,,,
慎,umsichtig sein,SHIN,,,,tsutsushi.mu,,,
遺,hinterlassen,I,,,,,,,
嘆,klagen,TAN,,,,nage.ku,,nage.kawashii,beklagenswert
猛,wild,MOU,,,,,,,
瞬,Augenblick,SHUN,,,,matata.ku,"blinzeln, flackern",,
誓,Gelöbnis,SEI,,,,chika.u,geloben,,
礎,Grundstein,SO,,,,ishizue,,,
滅,zugrunde gehen,METSU,,,,horo.bosu / .biru,zugrunde richten / zugrunde gehen,,
迫,heranrücken,HAKU,,,,sema.ru,,,
悔,Reue,KAI,,,,kuya.shii,"bedauerlich, ärgerlich",ku.yamu,bedauern
援,Hilfe,EN,,,,,,,
酌,einschenken (Sake),SHAKU,,,,ku.mu,,,
益,Nutzen,EKI,Vorteil,,,,,,
彩,Farbe,SAI,,,,irodo.ru,färben,,
抵,Widerstand,TEI,,,,,,,
抗,Widerstand,KOU,,,,,,,
抑,Unterdrückung,YOKU,,,,osa.eru,"unterdrücken, niedrig halten",,
賓,Gast,HIN,,,,,,,
坂,Abhang,HAN,,,,saka,,,
核,Kern,KAKU,nuklear-,,,,,,
圏,Bereich,KEN,,,,,,,
釣,angeln,CHOU,,,,tsu.ru,,,
航,Navigation,KOU,,,,,,,
狩,Jagd,SHU,,,,ka.ru,jagen,,
猟,Jagd,RYOU,,,,,,,
稲,Reispflanze,TOU,,,,ine (=ina),,,
廷,Gerichtshof,TEI,kaiserlicher Hof,,,,,,
墳,Grabhügel,FUN,,,,,,,
聖,heilig,SEI,,,,,,,
徳,Tugend,TOKU,,,,,,,
唐,China,TOU,,,,kara,,,
砲,Geschütz,HOU,,,,,,,
帝,Kaiser,TEI,,,,,,,
憲,Verfassung,KEN,,,,,,,
軍,Heer,GUN,,,,,,,
碁,Go (jap. Brettspiel),GO,,,,,,,
盤,Spielbrett,BAN,,,,,,,
柳,Weidenbaum,RYUU,,,,yanagi,,,
敷,Ausbreitung,FU,,,,shi.ku,ausbreiten,,
麗,Schönheit,REI,,,,uruwa.shii,schön,,
握,Ergreifung,AKU,,,,nigi.ru,ergreifen,,
冒,wagen,BOU,,,,oka.su,,,
舟,Schiff,SHUU,,,,fune ,,*funa,
邸,Residenz,TEI,,,,,,,
宴,Festmahl,EN,,,,,,,
庶,alle,SHO,uneheliches Kind,,,,,,
雅,Eleganz,GA,Geschmack,,,,,,
霊,Seele,REI,,,,tama,,,
削,streichen,SAKU,"kürzen, spitzen",,,kezu.ru,,,
孝,Kindespflicht,KOU,,,,,,,
称,Name,SHOU,,,,,,,
翻,Übersetzung,HON,,,,hirugae.ru,flattern,,
剖,Zerteilung,BOU,,,,,,,
刑,Strafe,KEI,,,,,,,
偽,Betrug,GI,,,,nise,Fälschung,,
愚,Dummheit,GU,,,,oro.ka,dumm,,
掃,kehren,SOU,,,,,,,
晶,Kristall,SHOU,leuchten,,,,,,
遂,in die Tat umsetzen,SUI,,,,to.geru,,,
涙,Träne,RUI,,,,namida,,,
掘,graben,KUTSU,,,,ho.ru,,,
扱,handhaben,,,,,atsuka.u,,,
斎,(religiöse) Reinigung,SAI,,,,,,,
祉,Glück,SHI,,,,,,,
忠,Treue,CHUU,,,,,,,
奉,darbringen,HOU,,,,tatematsu.ru,,,
裁,Urteil fällen,SAI,,,,saba.ku,,,
墓,Grab,BO,,,,haka,,,
嫁,Heirat,KA,,,,yome,Braut,,
雌,Weibchen,SHI,,,,mesu,,,
漁,Fischerei,GYO,,RYOU,,,,,
乏,Armut,BOU,,,,tobo.shii,arm,,
緩,locker,KAN,,,,yuru.i (=.yaka),,yuru.meru / .mu,lockern / locker werden
絞,Erhängung,KOU,,,,shibo.ru,auswringen,shibo.ri,Erfrischungstuch
繁,Überfluss,HAN,,,,,,,
蓄,Speicher,CHIKU,,,,takuwa.eru,"speichern, ansammeln",,
請,Gesuch,SEI,,,,ko.u,"bitten, fordern",,
微,winzig,BI,,,,,,,
控,Zurückhaltung,KOU,,,,hika.eru,"sich zurückhalten, notieren",,
蒸,Dampf,JOU,,,,mu.su,dämpfen,,
揚,Hebung,YOU,pumpen,,,a.geru,"hochheben, frittieren",,
繊,Faser,SEN,"dünn, fein",,,,,,
維,Faser,I,Erhaltung,,,,,,
芋,Kartoffel,,,,,imo,Knolle,,
濃,intensiv,NOU,,,,ko.i,,,
脂,Fett,SHI,,,,abura,,,
麻,Hanf,MA,,,,asa,,,
旧,ehemalig,KYUU,,,,,,,
肪,Fett,BOU,,,,,,,
裂,zerreißen,RETSU,,,,sa.ku / .keru,zerreißen [trans.] / zerreißen [intrans.],,
香,Duft,KOU,,,,kao.ru,duften,,
尽,aufbrauchen,JIN,,,,tsu.kusu / .kiru,aufbrauchen (tr. / intr.),,
令,Befehl,REI,Verordnung,*RYOU,,,,,
俵,Strohsack,HYOU,,,,tawara,,,
傍,Seite,BOU,,,,katawa.ra,,,
酸,Säure,SAN,,,,su.i,sauer,,
飽,Sättigung,HOU,,,,a.kiru,überdrüssig werden,,
陰,Schatten,IN,Ying (dunkles Prinzip),,,kage,Schatten,,
膨,Ausdehnung,BOU,,,,fuku.ramu,anschwellen,,
摂,Vertretung,SETSU,Verwaltung,,,,,,
拾,aufheben,SHUU,aufsammeln,,,hiro.u,,,
幼,kindlich,YOU,,,,osana.i,,,
鈍,stumpf,DON,,,,nibu.i,,nibu.ru,stumpf werden
承,erhalten,SHOU,,,,uketamawa.ru,erhalten [bescheiden],,
諾,Zustimmung,DAKU,,,,,,,
陳,Erklärung,CHIN,Aneinanderreihung,,,,,,
昇,aufsteigen,SHOU,,,,nobo.ru,,,
澄,klar (Flüssigkeit),CHOU,,,,su.mu,klar werden,,
輝,Glanz,KI,Strahlen,,,kagaya.ku,"glänzen, strahlen",,
薪,Brennholz,SHIN,,,,takigi,,,
炭,Kohle,TAN,,,,sumi,Holzkohle,,
壌,Erde,JOU,,,,,,,
汁,Suppe,JUU,,,,shiru,,,
紫,Violett,SHI,,,,murasaki,,,
瓶,Flasche,BIN,,,,,,,
貢,Tribut,KOU,,,,mitsu.gu,Tribut entrichten,,
献,schenken,KEN,,,,,,,
漏,auslaufen,ROU,,,,mo.rasu/.reru,"durch-, aussickern lassen / auslaufen",,
永,lange Zeit,EI,,,,naga.i,,,
稚,kindlich,CHI,,,,,,,
桑,Maulbeerbaum,SOU,,,,kuwa,,,
既,bereits,KI,,,,sude.ni,,,
諭,Ermahnung,YU,,,,,,,
為,machen,I,,,,tame,Zweck,,
殴,prügeln,OU,,,,nagu.ru,,,
且,überdies,,,,,ka.tsu,,,
丙,Dritter,HEI,,,,,,,
乙,Zweiter,OTSU,,,,,,,
乱,Unruhe,RAN,Verfall,,,mida.reru,in Unordnung geraten,,
了,Ende,RYOU,,,,,,,
享,Genuss,KYOU,Besitz,,,,,,
仁,Menschlichkeit,JIN,,,,,,,
仙,Eremit,SEN,,,,,,,
仰,emporblicken,GYOU,,,,ao.gu,,,
伐,Abholzung,BATSU,Unterwerfung,,,,,,
伏,sich hinlegen,FUKU,,,,fu.su,,,
但,jedoch,,,,,tada.shi,,,
佳,Schönheit,KA,gut,,,,,,
侍,Samurai,JI,,,,samurai,,,
侮,verachten,BU,,,,anado.ru,,,
併,vereinen,HEI,,,,awa.seru,,,
侯,Landesfürst,KOU,,,,,,,
侵,Überfall [milit.],SHIN,,,,oka.su,[in ein Land] einfallen,,
俗,Sitte,ZOKU,,,,,,,
倹,Sparsamkeit,KEN,,,,,,,
俸,Gehalt,HOU,,,,,,,
倣,Nachahmung,HOU,,,,,,,
偵,Auskundschaftung,TEI,,,,,,,
傑,hervorragend,KETSU,,,,,,,
債,Schulden,SAI,,,,,,,
舗,Geschäft,HO,,,,,,,
儒,Konfuzianismus,JU,,,,,,,
償,entschädigen,SHOU,,,,tsuguna.u,,,
兆,Billion,CHOU,,,,kiza.shi,Anzeichen,,
克,Überwindung,KOKU,,,,,,,
兼,Neben-,KEN,,,,ka.neru,zugleich sein,,
冗,nutzlos,JOU,,,,,,,
冠,Krone,KAN,,,,kanmuri,,,
准,Semi-,JUN,,,,,,,
凝,starr,GYOU,,,,ko.ru,"steif werden, verspannt sein",,
凶,Unheil,KYOU,,,,,,,
凹,konkav,OU,,,,,,,
凸,konvex,TOTSU,,,,,,,
刀,Schwert,TOU,,,,katana,,,
刃,Klinge,JIN,,,,ha,,,
刈,mähen,,,,,ka.ru,,,
刷,drucken,SATSU,,,,su.ru,,,
剛,hart,GOU,,,,,,,
劣,unterlegen sein,RETSU,,,,oto.ru,,,
励,Eifer,REI,,,,hage.masu / .mu,anspornen / mit Eifer betreiben ,,
劾,Untersuchung,GAI,,,,,,,
勅,kaiserlicher Erlass,CHOKU,,,,,,,
勘,Intuition,KAN,,,,,,,
勲,Verdienst,KUN,,,,,,,
匠,Handwerker,SHOU,,,,,,,
匿,verbergen,TOKU,,,,,,,
升,Hohlmaß,SHOU,,,,masu,,,
卑,Verachtung,HI,,,,iya.shii,gemein,,
却,Rückgabe,KYAKU,,,,,,,
即,sofort,SOKU,,,,,,,
卸,Großhandel,,,,,oroshi,,,
厄,Unheil,YAKU,,,,,,,
厘,Rin (Längenmaß),RIN,,,,,,,
又,ferner,,,,,mata,,,
叙,Beschreibung,JO,,,,,,,
后,Kaiserin,KOU,,,,,,,
吏,Beamter,RI,,,,,,,
吟,rezitieren,GIN,,,,,,,
呈,schenken,TEI,,,,,,,
哀,Mitleid,AI,,,,awa.re,Schwermut,,
唆,anstiften,SA,,,,sosonoka.su,,,
唇,Lippe,SHIN,,,,kuchibiru,,,
哲,Weisheit,TETSU,,,,,,,
喝,Schrei,KATSU,,,,,,,
喚,Schrei,KAN,,,,,,,
喪,Trauer,SOU,,,,,,,
嗣,Erbe,SHI,,,,,,,
嘱,Auftrag,SHOKU,,,,,,,
嚇,Bedrohung,KAKU,,,,,,,
囚,Gefangener,SHUU,,,,,,,
圧,Druck,ATSU,,,,,,,
坑,Bergwerk,KOU,,,,,,,
垂,hängen,SUI,,,,ta.rasu / .reru,herabhängen lassen / herabhängen,,
坪,tsubo (Flächenmaß),,,,,tsubo,,,
垣,Zaun,,,,,kaki,,,
堅,hart,KEN,zuverlässig,,,kata.i,,,
堕,Sturz,DA,,,,,,,
堤,Damm,TEI,,,,tsutsumi,,,
塔,Turm,TOU,,,,,,,
塁,Festung,RUI,Base (Baseball),,,,,,
塀,Mauer,HEI,,,,,,,
塊,Klumpen,KAI,Haufen,,,katamari,,,
塑,Modellierung,SO,,,,,,,
墜,Sturz,TSUI,,,,,,,
墾,urbar machen,KON,,,,,,,
壇,Podium,DAN,,,,,,,
壮,Kraft,SOU,,,,,,,
壱,eins,ICHI,,,,,,,
奔,laufen,HON,,,,,,,
奴,Sklave,DO,,,,,,,
妃,Prinzessin,HI,,,,,,,
妄,Torheit,MOU,,BOU,,,,,
妥,Ruhe,DA,,,,,,,
妊,schwanger,NIN,,,,,,,
妨,stören,BOU,,,,samata.geru,,,
姓,Familienname,SEI,,*SHOU,Herkunft,,,,
姻,Heirat,IN,,,,,,,
姫,Prinzessin,,,,,hime,,,
娠,schwanger,SHIN,,,,,,,
婆,alte Frau,BA,,,,,,,
婿,Schwiegersohn,SEI,,,,muko,,,
嫡,Hauptfrau,CHAKU,,,,,,,
孤,Waise,KO,allein,,,,,,
宜,gut gelegen,GI,,,,,,,
宰,Verwaltung,SAI,,,,,,,
宵,Abend,SHOU,,,,yoi,,,
寛,Nachsichtigkeit,KAN,,,,,,,
寡,wenig,KA,,,,,,,
封,Siegel,FUU,,HOU,Lehen,,,,
尉,Offizier,I,,,,,,,
尚,Hochachtung,SHOU,,,,nao,zudem,,
尺,Maß,SHAKU,,,,,,,
尼,Nonne,NI,,,,ama,,,
尿,Harn,NYOU,,,,,,,
屈,Krümmung,KUTSU,,,,,,,
屯,Garnison,TON,,,,,,,
岐,Abzweigung,KI,,,,,,,
岳,Berggipfel,GAKU,,,,take,,,
岬,Kap,,,,,misaki,,,
峠,Bergpass,,,,,touge,,,
峰,Gipfel,HOU,,,,mine,,,
崇,Verehrung,SUU,,,,,,,
巡,Patrouille,JUN,,,,megu.ru,umhergehen,,
巨,riesengroß,KYO,,,,,,,
巧,Geschicklichkeit,KOU,,,,taku.mi,,,
帆,Segel,HAN,,,,ho,,,
帥,Heerführer,SUI,,,,,,,
幅,Breite,FUKU,,,,haba,,,
幣,Geld,HEI,,,,,,,
幻,Trugbild,GEN,,,,maboroshi,,,
幾,einige,KI,,,,iku,wie viele,,
庸,Mittelmaß,YOU,,,,,,,
廉,Redlichkeit,REN,,,,,,,
弊,Missstand,HEI,,,,,,,
弐,zwei,NI,,,,,,,
弔,Beileid,CHOU,,,,tomura.u,Beileid aussprechen,,
弦,Bogensehne,GEN,,,,tsuru,,,
弧,Kreisbogen,KO,,,,,,,
彰,öffentlich,SHOU,,,,,,,
径,Durchmesser,KEI,,,,,,,
循,Kreislauf,JUN,,,,,,,
忌,Tabu,KI,,,,i.mawashii,abscheulich,,
忍,Geduld,NIN,Versteck,,,shino.bu,"erdulden, einschleichen",,
怪,verdächtig,KAI,,,,aya.shii,seltsam,,
怠,Faulheit,TAI,,,,nama.keru,faulenzen,,
恭,Respekt,KYOU,,,,,,,
恨,Groll,KON,,,,ura.mu,übel nehmen,,
悦,Freude,ETSU,,,,,,,
悟,Erkenntnis,GO,,,,sato.ru,verstehen,,
悠,Gelassenheit,YUU,Ferne,,,,,,
悼,Trauer,TOU,,,,,,,
慈,liebevoll,JI,,,,,,,
愁,Kummer,SHUU,,,,ure.i,,ure.eru,betrübt sein
惰,Trägheit,DA,,,,,,,
愉,Freude,YU,,,,,,,
慨,Kummer,GAI,,,,,,,
慕,Sehnsucht,BO,,,,shita.u,sich sehnen nach,,
慰,Trost,I,,,,nagusa.meru,trösten,,
慶,Freude,KEI,,,,,,,
憎,Hass,ZOU,,,,niku.mu,hassen,niku.i,abscheulich
憂,Kummer,YUU,,,,,,,
憤,Empörung,FUN,,,,,,,
憾,Bedauern,KAN,,,,,,,
懇,Freundlichkeit,KON,Vertrautheit,,,nengo.ro,"freundlich, vertraut",,
懲,Bestrafung,CHOU,,,,ko.riru,eine Lehre aus etw. ziehen,,
戒,Warnung,KAI,,,,imashi.meru,ermahnen,,
戯,Spiel,GI,,,,tawamu.reru,"spielen, scherzen",,
扉,Tür,HI,,,,tobira,,,
抄,abschreiben,SHOU,kopieren,,,,,,
択,Auswahl,TAKU,,,,,,,
把,Griff,HA,,,,,,,
扶,Unterstützung,FU,,,,,,,
拐,Entführung,KAI,,,,,,,
拡,Erweiterung,KAKU,,,,,,,
拘,Festnahme,KOU,,,,,,,
拙,ungeschickt,SETSU,,,,,,,
拍,klatschen,HAKU,,,,,,,
抹,zerreiben,MATSU,,,,,,,
括,zusammenbinden,KATSU,,,,,,,
挟,einklemmen,KYOU,,,,hasa.mu/.maru,etw. einklemmen / etw. wird eingekemmt,,
拷,Folter,GOU,,,,,,,
挿,einfügen,SOU,,,,sa.su,,,
掛,aufhängen,,,,,ka.keru,,,
据,aufstellen,KYO,,,,su.eru,,,
掌,Handfläche,SHOU,Leitung,,,,,,
措,Benehmen,SO,,,,,,,
搭,einsteigen,TOU,,,,,,,
搬,Transport,HAN,,,,,,,
搾,auspressen,SAKU,,,,shibo.ru,,,
摘,Auswahl,TEKI,,,,tsu.mu,pflücken,,
撤,zurückziehen,TETSU,,,,,,,
擁,beschützen,YOU,,,,,,,
敢,Wagnis,KAN,,,,,,,
斗,To (Hohlmaß),TO,,,,,,,
斤,Kin (Gewichtsmaß),KIN,,,,,,,
斥,Ablehnung,SEKI,,,,,,,
旋,Rotation,SEN,,,,,,,
旗,Fahne,KI,,,,hata,,,
旨,Inhalt,SHI,Sinn,,,mune,,,
昆,Seetang,KON,Insekt,,,,,,
是,richtig,ZE ,,,,,,,
暁,Morgendämmerung,GYOU,,,,,,,
暫,provisorisch,ZAN,,,,,,,
曹,Beamter,SOU,,,,,,,
朕,Ich (Selbst-bezeichnung desTenno),CHIN,,,,,,,
朽,verfaulen,KYUU,,,,,,,
朱,rot,SHU,,,,,,,
朴,schlicht,BOKU,,,,,,,
枠,Rahmen,,,,,waku,,,
某,ein gewisser,BOU,,,,,,,
桟,Balken,SAN,,,,,,,
栓,Verschluss,SEN,Hydrant,,,,,,
巣,Nest,SOU,,,,su,,,
棺,Sarg,KAN,,,,,,,
棋,Shougi (jap. Schach),KI,,,,,,,
棄,Verzicht,KI,,,,,,,
楼,Gebäude,ROU,,,,,,,
槽,Wanne,SOU,,,,,,,
樹,Baum,JU,,,,,,,
款,Artikel (jur.),KAN,,,,,,,
欺,betrügen,GI,,,,azamu.ku,,,
殊,Besonderheit,SHU,,,,koto,,,
殉,in den Tod folgen,JUN,,,,,,,
殖,Vermehrung,SHOKU,,,,fu.yasu / .eru,vermehren [tr. / intr.],,
殻,Schale [eines Geteides],KAKU,,,,kara,,,
沼,Sumpf,SHOU,,,,numa,,,
泥,Schlamm,DEI,,,,doro,,,
泌,heraussickern,HI,,HITSU,,,,,
泡,Schaum,HOU,Blase,,,awa,,,
洪,Überschwemmung,KOU,,,,,,,
浄,Reinheit,JOU,,,,,,,
洞,Höhle,DOU,,,,,,,
浸,eintauchen,SHIN,,,,hita.su / .ru,eintauchen [trans. / intrans.],,
浪,herumwandern,ROU,Welle,,,,,,
涯,Grenze,GAI,,,,,,,
渇,austrocknen,KATSU,,,,kawa.ku,dürsten,,
渓,Tal,KEI,,,,,,,
淑,Anmut,SHUKU,,,,,,,
渦,Strudel,KA,,,,uzu,Strudel,,
溝,Abwassergraben,KOU,,,,mizo,,,
滝,Wasserfall,,,,,taki,,,
漬,einlegen,,,,,tsu.keru,,,
漸,allmählich,ZEN,,,,,,,
滴,Tropfen,TEKI,,,,shizuku,,shitata.ru,tropfen
漂,treiben,HYOU,,,,tadayo.u,,,
潤,feucht sein,JUN,,,,uruo.u ,,,
潟,Lagune,,,,,kata,,,
潜,tauchen,SEN,,,,mogu.ru,,hiso.mu,sich verbergen
潮,Gezeiten,CHOU,,,,shio,,,
濁,Trübheit,DAKU,,,,nigo.su / .ru,trüben / trüb werden,,
濫,Übermaß,RAN,,,,,,,
灰,Asche,KAI,,,,hai,,,
炎,Flamme,EN,Entzündung,,,honoo,,,
炉,Ofen,RO,,,,,,,
焦,Feuer,SHOU,"Sehnsucht, Ungeduld",,,ko.gasu / .geru,versengen / anbrennen ,ko.gareru,sich sehnen
煩,Besorgnis,HAN,,,,wazura.u / .wasu,besorgt sein / belästigen,,
燥,Trockenheit,SOU,,,,,,,
爵,Adelsrang,SHAKU,,,,,,,
牲,Opfer,SEI,,,,,,,
犠,Opfer,GI,,,,,,,
狂,wahnsinnig werden,KYOU,,,,kuru.u,,,
猶,Verzögerung,YUU,,,,,,,
獣,Tier,JUU,,,,kemono,,,
班,Gruppe,HAN,,,,,,,
琴,Koto (jap. Saiteninstrument),KIN,,,,koto,,,
璽,kaiserliches Siegel,JI,,,,,,,
甚,außerordentlich,JIN,,,,hanaha.dashii,,,
畔,Feldrain,HAN,,,,,,,
畝,Furchenrücken,,,,,une,,,
疾,schnell,SHITSU,Krankheit,,,,,,
痘,Pocken,TOU,,,,,,,
痴,Schwachsinn,CHI,,,,,,,
癖,Eigenart,HEKI,,,,kuse,,,
癒,heilen,YU,,,,i.yasu,,,
盟,Bündnis,MEI,,,,,,,
睡,Schlaf,SUI,,,,,,,
矯,Verbesserung,KYOU,,,,,,,
砕,brechen,SAI,,,,kuda.ku / .keru,brechen [trans.] / brechen [intrans.],,
硬,Härte,KOU,,,,kata.i,hart,,
硝,Salpeter,SHOU,,,,,,,
硫,Schwefel,RYUU,,,,,,,
磁,Magnet,JI,Porzellan,,,,,,
碑,Grabstein,HI,,,,,,,
祥,gutes Omen,SHOU,,,,,,,
禍,Unheil,KA,,,,,,,
秒,Sekunde,BYOU,,,,,,,
租,Pacht,SO,Abgabe,,,,,,
秩,Ordnung,CHITSU,,,,,,,
穀,Getreide,KOKU,,,,,,,
稼,Arbeit,KA,,,,kase.gu,Geld verdienen,,
穏,friedlich,ON,,,,oda.yaka,"ruhig, friedlich",,
穫,Ernte,KAKU,,,,,,,
窃,Diebstahl,SETSU,,,,,,,
窒,Stickstoff,CHITSU,,,,,,,
窮,Not,KYUU,,,,,,,
窯,Ofen,YOU,Herd,,,kama,,,
筋,Muskel,KIN,Faser,,,suji,,,
箇,[ZEW für Abstraktes],KA,,,,,,,
篤,ernst,TOKU,,,,,,,
簿,Register,BO,,,,,,,
粋,Essenz,SUI,modisch,,,,,,
粗,grob[körnig],SO,,,,ara.i,,,
粘,klebrig,NEN,,,,neba.ru,"klebrig sein, nicht nachgeben",,
粒,Korn,RYUU,,,,tsubu,,,
糧,Nahrung,RYOU,,,,kate,,,
索,Suche,SAKU,Seil,,,,,,
純,Reinheit,JUN,,,,,,,
紛,leicht verwechselbar,FUN,,,,magi.rawashii,leicht verwechselbar,magi.reru,sich unter [Leute etc.] mischen
紡,spinnen,BOU,,,,tsumu.gu,,,
紋,Wappen,MON,,,,,,,
累,Anhäufung,RUI,,,,,,,
絹,Seide,KEN,,,,kinu,,,
綿,Baumwolle,MEN,,,,wata,,,
緯,Breitengrad,I,,,,,,,
縦,Länge [geom.],JUU,,,,tate,,,
縛,fesseln,BAKU,,,,shiba.ru,,,
縫,nähen,HOU,,,,nu.u,,,
繭,Seidenraupenkokon,KEN,,,,mayu,,,
繕,Reparatur,ZEN,,,,,,,
罷,Streik,HI,Entlassung,,,,,,
羅,Netz,RA,,,,,,,
羊,Schaf,YOU,,,,hitsuji,,,
翁,alter Mann,OU,,,,,,,
翼,Flügel,YOKU,,,,tsubasa,,,
耐,standhalten,TAI,,,,ta.eru,,,
耕,Acker,KOU,,,,tagaya.su,bestellen,,
耗,Abnutzung,MOU,,,,,,,
粛,würdevoll,SHUKU,streng,,,,,,
肖,Porträt,SHOU,,,,,,,
肢,Gliedmaßen,SHI,,,,,,,
肥,Dünger,HI,,,,ko.eru,fett werden,,
胎,Gebärmutter,TAI,,,,,,,
胆,Gallenblase,TAN,Mut,,,,,,
胞,Plazenta,HOU,,,,,,,
胴,Rumpf,DOU,,,,,,,
脚,Bein,KYAKU,,KYA,,ashi,,,
脳,Gehirn,NOU,,,,,,,
膜,Membran,MAKU,,,,,,,
臨,Anwesenheit,RIN,,,,nozo.mu,anwesend sein,,
舌,Zunge,ZETSU,,,,shita,,,
舶,Schiff,HAKU,,,,,,,
艇,Boot,TEI,,,,,,,
艦,Kriegsschiff,KAN,,,,,,,
芽,Knospe,GA,,,,me,,,
茎,Stängel,KEI,,,,kuki,,,
荘,Landhaus,SOU,feierlich,,,,,,
菊,Chrysantheme,KIKU,,,,,,,
菌,Bakterie,KIN,,,,,,,
葬,Beerdigung,SOU,,,,houmu.ru,beerdigen,,
薫,Duft,KUN,,,,,,,
藩,Daimyat(Lehensgebiet),HAN,,,,,,,
藻,Wasserpflanze,SOU,,,,mo,,,
虐,Misshandlung,GYAKU,,,,shiita.geru,misshandeln,,
虚,Leere,KYO,Lüge,,,,,,
虞,Befürchtung,,,,,osore,,,
虜,Gefangener,RYO,,,,,,,
蚕,Seidenraupe,SAN,,,,kaiko,,,
蛇,Schlange,JA,,JU,,hebi,,,
蛍,Glühwürmchen,KEI,,,,hotaru,,,
蛮,Barbar,BAN,,,,,,,
融,schmelzen,YUU,,,,,,,
衡,Waage,KOU,Gleichgewicht,,,,,,
衷,Inneres,CHUU,,,,,,,
裕,Reichtum,YUU,,,,,,,
裸,nackt,RA,,,,hadaka,,,
褐,braun,KATSU,,,,,,,
褒,Lob,HOU,,,,ho.meru,,,
襟,Kragen,KIN,,,,eri,,,
襲,"angreifen, anfallen",SHUU,,,,oso.u,,,
覇,Herrschaft,HA,,,,,,,
訂,Korrektur,TEI,,,,,,,
託,anvertrauen,TAKU,,,,,,,
訟,Prozess,SHOU,,,,,,,
詠,Gedicht,EI,,,,yo.mu,dichten,,
詐,Betrug,SA,,,,,,,
詔,kaiserlicher Erlass,SHOU,,,,mikotonori,,,
訴,Anklage,SO,,,,utta.eru,anklagen,,
該,Betreffender,GAI,,,,,,,
詰,füllen,KITSU,,,,tsu.meru / .maru,füllen / gefüllt sein,,
誇,Stolz,KO,,,,hoko.ru,stolz sein,,
誠,Aufrichtigkeit,SEI,Wahrheit,,,makoto,,,
誉,Ehre,YO,Lob,,,homa.re,,,
謁,Audienz,ETSU,,,,,,,
諸,viele,SHO,,,,,,,
諮,Beratung,SHI,,,,,,,
謀,Verschwörung,BOU,,,,haka.ru,Ränke schmieden,,
謡,Lied [im No-Theater],YOU,,,,utai,,uta.u,singen
謄,Kopie,TOU,,,,,,,
譜,Aufzeichnung,FU,,,,,,,
貞,Keuschheit,TEI,Treue,,,,,,
貨,Ware,KA,Geld,,,,,,
賊,Räuber,ZOKU,,,,,,,
賜,Geschenk,SHI,,,,tamawa.ru,schenken,,
賠,Entschädigung,BAI,,,,,,,
賦,Zahlung,FU,,,,,,,
赦,Vergebung,SHA,,,,,,,
距,Entfernung,KYO,,,,,,,
跳,Sprung,CHOU,,,,to.bu,springen,ha.neru,hüpfen
軌,Gleise,KI,Wagenspur,,,,,,
轄,Zuständigkeit,KATSU,,,,,,,
辱,Beleidigung,JOKU,,,,,,,
迅,Schnelligkeit,JIN,,,,,,,
迭,Veränderung,TETSU,,,,,,,
逝,sterben,SEI,,,,yu.ku,,,
逐,Vertreibung,CHIKU,eines nach dem anderen,,,,,,
逓,Post,TEI,allmählich,,,,,,
逸,außerordentlich,ITSU,Abweichung,,,,,,
遇,Begegnung,GUU,,,,,,,
遍,Allgegenwart,HEN,,,,,,,
遮,Behinderung,SHA,,,,saegi.ru,"behindern,unterbrechen",,
遵,Befolgung,JUN,,,,,,,
遷,Veränderung,SEN,,,,,,,
邦,Japan,HOU,Staat,,,,,,
郡,Bezirk,GUN,,,,,,,
郭,Umriss,KAKU,Stadtteil,,,,,,
酔,betrunken sein,SUI,,,,yo.u,,,
酢,Essig,SAKU,,,,su,,,
酬,Erwiderung,SHUU,,,,,,,
酪,Milchprodukt,RAKU,,,,,,,
酵,Hefe,KOU,Gärung,,,,,,
酷,streng,KOKU,,,,,,,
醜,hässlich,SHUU,,,,miniku.i,,,
醸,Brauerei,JOU,,,,kamo.su,"brauen, hervorbringen",,
釈,erklären,SHAKU,,,,,,,
鉢,Schüssel,HACHI,,HATSU,,,,,
銃,Gewehr,JUU,,,,,,,
銅,Kupfer,DOU,,,,,,,
銘,Qualität,MEI,Inschrift,,,,,,
鋭,Schärfe,EI,,,,surudo.i,scharf,,
鋳,Metall gießen,CHUU,,,,i.ru,,,
鋼,Stahl,KOU,,,,hagane,,,
錯,Irrtum,SAKU,,,,,,,
錬,Raffinierung,REN,Training,,,,,,
鎮,Beruhigung,CHIN,,,,shizu.meru / .maru,"beruhigen,befrieden / zur Ruhe kommen",,
鐘,Glocke,SHOU,,,,kane,,,
閑,Muße,KAN,,,,,,,
閥,Clique,BATSU,,,,,,,
閲,Durchsicht,ETSU,,,,,,,
阻,Verhinderung,SO,,,,haba.mu,"hindern, hemmen",,
附,Zugehörigkeit,FU,,,,,,,
陛,Thronstufen,HEI,,,,,,,
陪,Begleitung,BAI,,,,,,,
陵,kaiserliches Grab,RYOU,Hügel,,,misasagi,,,
隅,Ecke,GUU,,,,sumi,,,
随,Befolgung,ZUI,,,,,,,
隊,Gruppe,TAI,,,,,,,
隔,Trennung,KAKU,,,,heda.teru / .taru,trennen / getrennt sein,,
隷,Diener,REI,,,,,,,
隻,[ZEW für Schiffe],SEKI,,,,,,,
雇,einstellen,KO,,,,yato.u,(jmd.) einstellen,,
零,Null,REI,,,,,,,
需,Bedarf,JU,,,,,,,
霜,Frost,SOU,,,,shimo,,,
韻,Reim,IN,,,,,,,
頒,Verteilung,HAN,,,,,,,
頻,Häufigkeit,HIN,,,,,,,
顕,Deutlichkeit,KEN,,,,,,,
顧,Rücksicht,KO,,,,,,,
飢,Hunger leiden,KI,,,,u.eru,,,
餓,Hunger leiden,GA,,,,,,,
騎,Ritt,KI,,,,,,,
騰,Anstieg,TOU,,,,,,,
髄,Knochenmark,ZUI,,,,,,,
鬼,Teufel,KI,,,,oni,,,
魂,Seele,KON,,,,tamashii,,,
魔,Zauberei,MA,Dämon,,,,,,
力,Kraft,RYOKU,,RIKI,,chikara,,,
淡,seicht,TAN,,,,awa.i,,,
五,fünf,GO,,,,itsu (=.tsu),,,
株,Aktie,,,,,kabu,,,
僧,Mönch,SOU,,,,,,,
獲,Beute,KAKU,,,,e.ru,erlangen,,
筒,Rohr,TOU,,,,tsutsu,,,
賢,Weisheit,KEN,,,,kashiko.i,klug,,
倫,Ethik,RIN,,,,,,,
軸,Achse,JIKU,,,,,,,
幽,verborgen,YUU,still,,,,,,
紳,Herr,SHIN,,,,,,,
枢,bedeutend,SUU,,,,,,,
鯨,Wal,GEI,,,,kujira,,,
糾,Untersuchung,KYUU,,,,,,,
串,Spieß,,,,,kushi,,,
乞,betteln,,,,,ko.u,,,
俺,ich,,,,,ore,,,
伎,Theaterspiel,GI,,,,,,,
僅,wenig,KIN,,,,wazu.ka,,,
傲,Hochmut,GOU,,,,,,,
侶,Begleiter,RYO,,,,,,,
冥,Jenseits,MEI,,,,,,,
凄,fürchterlich,SEI,,,,sugo.i (=susa.majii),"fürchterlich, irrsinnig",,
冶,Metallurgie,YA,,,,,,,
刹,Augenblick,SETSU,,,,,,,
剥,abblättern,HAKU,,,,ha.gareru,,,
勃,energisch,BOTSU,,,,,,,
勾,Festnahme,KOU,steil,,,,,,
咽,Rachen,IN,,,,,,,
唄,Lied,,,,,uta,,,
嗅,Geruch,KYUU,,,,ka.gu,an etw. schnuppern,,
喉,Rachen,KOU,,,,nodo,,,
呪,verfluchen,JU,,,,noro.u,,,
唾,Speichel,DA,,,,tsuba,,,
嘲,Spott,CHOU,,,,azake.ru,verspotten,,
哺,säugen,HO,,,,,,,
喩,Metapher,YU,,,,tato.eru,vergleichen,,
塞,verschließen,SAI,,,,fusa.gu / .geru,verschließen [trans. / intrans.],,
堆,Anhäufung,TAI,,,,,,,
填,Füllung,TEN,,,,,,,
媛,Prinzessin,EN,,,,hime,,,
嫉,Eifersucht,SHITSU,,,,,,,
妬,Eifersucht,TO,,,,,,,
妖,mysteriös,YOU,,,,aya.shii,,,
宛,Adressat,,,,,a.te,,,
尻,Gesäß,,,,,shiri,"Gesäß, Hinterteil",,
嵐,Sturm,,,,,arashi,,,
岡,Hügel,,,,,oka,,,
崖,Klippe,GAI,,,,gake,,,
巾,Tuch,KIN,,,,,,,
弄,befingern,ROU,,,,moteaso.bu,"mit jmd. verfahren, wie man will",iji.ru,"angreifen, befingern"
弥,höchst,,,,,ya,,,
彙,Sammlung,I,,,,,,,
怨,Groll,ON,,EN,,,,,
惧,Furcht,GU,,,,,,,
憬,Sehnsucht,KEI,,,,,,,
恣,Willkür,SHI,,,,,,,
憧,Sehnsucht,SHOU,,,,akoga.reru,sich sehnen,,
慄,Furcht,RITSU,,,,,,,
戚,Verwandtschaft,SEKI,,,,,,,
戴,Empfang,DAI,,TAI,Ernennung,,,,
挨,Begrüßung,AI,,,,,,,
拳,Faust,KEN,,,,kobushi,,,
挫,Verstauchung,ZA,,,,,,,
拶,Begrüßung,SATSU,,,,,,,
摯,Ernsthaftigkeit,SHI,,,,,,,
拭,wegwischen,SHOKU,,,,fu.ku (=nugu.u),,,
捉,Festnahme,SOKU,,,,tora.eru,"festnehmen, packen",,
捗,Fortschritt,CHOKU,,,,,,,
捻,Drehung,NEN,,,,,,,
拉,Verschleppung,RA,,,,,,,
斑,Fleck,HAN,,,,,,,
斬,niederstrecken,ZAN,,,,ki.ru,,,
曖,vage,AI,,,,,,,
旺,Gedeihen,OU,,,,,,,
旦,Hausherr,DAN,,TAN,Morgendämmerung,,,,
昧,Dunkelheit,MAI,Unwissen,,,,,,
曽,"Ur(-enkel,großeltern, etc.)",SOU,,,,,,,
椅,Sessel,I,,,,,,,
楷,Blockschrift,KAI,,,,,,,
柿,Kaki,,,,,kaki,,,
桁,"Ziffer, Stelle (math.)",,,,,keta,,,
梗,Infarkt,KOU,,,,,,,
柵,Zaun,SAKU,,,,,,,
椎,Wirbel,TSUI,,,,,,,
梨,Nashi,,,,,nashi,,,
枕,Polster,,,,,makura,,,
毀,Beschädigung,KI,,,,,,,
淫,Wollust,IN,,,,mida.ra,,,
潰,Verfall,KAI,,,,tsubu.su / .reru,"zerquetschen, vernichten / zugrunde gehen",,
沙,Nachricht,SA,Sand,,,,,,
汰,Nachricht,TA,,,,,,,
溺,ertrinken,DEKI,,,,obo.reru,,,
氾,Überschwemmung,HAN,,,,,,,
汎,Gesamt-,HAN,,,,,,,
湧,herausströmen,YUU,,,,wa.ku,,,
沃,Fruchtbarkeit,YOKU,,*YOU,,,,,
煎,rösten,SEN,,,,i.ru,,,
爪,"[Finger-, Zehen-] Nagel",,,,,tsume,"Nagel, Kralle",,
爽,erfrischend,SOU,,,,sawa.yaka,,,
牙,"Fangzähne, Hauer",GA,,,,kiba,,,
狙,Zielen ,SO,,,,nera.u,"zielen, abzielen auf etw.",,
玩,Spiel,GAN,,,,,,,
璧,perfekt,HEKI,,,,,,,
璃,Lapislazuli,RI,,,,,,,
瑠,Lapislazuli,RU,,,,,,,
瓦,Ziegelstein,GA,,,,kawara,,,
畏,fürchten,I,,,,oso.reru,,,
畿,Hauptstadt,KI,,,,,,,
痕,Narbe,KON,Überbleibsel,,,ato,,,
痩,schlank,SOU,,,,ya.seru,schlank werden,,
瘍,Geschwür,YOU,,,,,,,
瞳,Pupille,DOU,,,,hitomi,,,
眉,Augenbraue,BI,,,,mayu,,,
睦,gutes Verhältnis,BOKU,,,,,,,
瞭,deutlich,RYOU,,,,,,,
稽,Übung,KEI,,,,,,,
窟,Höhle,KUTSU,,,,,,,
箸,Essstäbchen,,,,,hashi,,,
籠,sich einschließen,ROU,,,,komo.ru,,kago ,Käfig
綻,aufgehen,TAN,,,,hokoro.biru,"aufgehen, sich entfalten",,
罵,beschimpfen,BA,,,,nonoshi.ru,,,
羞,Scham,SHUU,,,,,,,
羨,Neid,SEN,,,,uraya.mashii,neidisch,uraya.mu,beneiden
臆,Furcht,OKU,Vermutung,,,,,,
股,Gabelung,KO,,,,mata,"Schenkel, Schritt (Schamgegend)",momo,Oberschenkel
腫,Schwellung,SHU,Geschwür,,,ha.reru,anschwellen,,
腎,Niere,JIN,,,,,,,
脊,Rückgrat,SEKI,,,,,,,
腺,Drüse,SEN,,,,,,,
膳,Gedeck,ZEN,,,,,,,
膝,Knie,,,,,hiza,,,
肘,Ellenbogen,,,,,hiji,,,
脇,Flanke,,,,,waki,,,
臼,Mörser,KYUU,,,,usu,,,
舷,Schiffsseite,GEN,,,,,,,
艶,reizvoll,EN,,,,tsuya,Glanz,,
萎,verwelken,I,,,,,,,
苛,hart,KA,,,,,,,
蓋,Deckel,GAI,,,,futa,,,
葛,Ranke,KATSU,,,,kuzu,kuzu (=Pfeilwurz)-Pflanze / -Pulver,,
芯,Futter (Kleidung),SHIN,,,,,,,
蔽,Tarnung,HEI,,,,,,,
蔑,Verachtung,BETSU,,,,,,,
藍,Indigo,RAN,,,,,,,
虎,Tiger,KO,,,,tora,,,
虹,Regenbogen,,,,,niji,,,
蜂,Biene,HOU,,,,hachi,,,
蜜,Honig,MITSU,,,,,,,
袖,Ärmel,SHUU,,,,sode,,,
裾,Saum,,,,,suso,,,
諧,Humor,KAI,Harmonie,,,,,,
詣,Tempel-Schreinbesuch,KEI,,,,mou.de,,,
詮,Diskussion,SEN,Untersuchung,,,,,,
諦,Einsicht,TEI,,,,akira.meru,resignieren,,
謎,Rätsel,,,,,nazo,,,
訃,Todesanzeige,FU,,,,,,,
貌,Aussehen,BOU,,,,,,,
貼,aufkleben,CHOU,,,,ha.ru,,,
賭,Glücksspiel,TO,,,,ka.keru,wetten,,
貪,Gier,DON,,,,,,,
賂,Bestechung,RO,,,,,,,
蹴,Tritt,SHUU,,,,ke.ru,treten,,
踪,Spur,SOU,,,,,,,
辣,Arglist,RATSU,,,,,,,
遡,flussaufwärts,SO,,,,sakanobo.ru,"flussaufwärts gehen, in der Zeit zurückgehen",,
遜,Unterordnung,SON,,,,,,,
那,Augenblick,,,,,,,,
醒,aufwachen,SEI,,,,,,,
酎,Branntwein,CHUU,,,,,,,
采,Erscheinung,SAI,,,,,,,
釜,Kessel,,,,,kama,,,
鎌,Sichel,,,,,kama,,,
錦,Brokatstoff,KIN,,,,nishiki,,,
鍵,Schlüssel,KEN,Taste,,,kagi,Schlüssel,,
錮,Kerker,KO,,,,,,,
鍋,Topf,,,,,nabe,,,
闇,Dunkelheit,AN,,,,yami,,,
隙,Spalt,GEKI,,,,suki,"Spalt, ungeschützte Stelle (=zum Angriff einladende Stelle)",,
阜,Hügel,FU,,,,,,,
顎,Kiefer (anat.),GAKU,,,,ago,,,
須,Notwendigkeit,SU,,,,,,,
頓,plötzlich,TON,,,,,,,
頬,Wange,KYOU,,,,hoo,,,
餌,Futter,JI,,,,esa,,,
餅,gestampfter Süßreis,HEI,,,,mochi,,,
駒,Pferd,,,,,koma,,,
骸,Gebeine,GAI,,,,,,,
鬱,Depression,UTSU,,,,,,,
鶴,Kranich,,,,,tsuru,,,
鹿,Rotwild,,,,,shika,,,
麓,Fuß eines Berges,ROKU,,,,fumoto,,,
麺,Nudel,MEN,,,,,,,
亀,Schildkröte,,,,,kame,,,
謹,Respekt zeigen,KIN,,,,tsutsushi.mu,,,
緻,fein,CHI,,,,,,,
